match_id,team,opponent,team_xg,opp_xg,xg_diff,shots,outcome
7480,OL Reign,Utah Royals,0.86433196,0.86182815,0.0025038123,9,Win
7480,Utah Royals,OL Reign,0.86182815,0.86433196,0.0025038123,11,Loss
7494,Houston Dash,Utah Royals,1.1311862,1.2362443,0.105058074,16,Loss
7494,Utah Royals,Houston Dash,1.2362443,1.1311862,0.105058074,9,Win
7497,Chicago Red Stars,North Carolina Courage,0.9400072,1.1445636,0.20455635,12,Draw
7497,North Carolina Courage,Chicago Red Stars,1.1445636,0.9400072,0.20455635,17,Draw
7521,NJ/NY Gotham FC,Utah Royals,0.6129193,0.57048845,0.042430818,10,Loss
7521,Utah Royals,NJ/NY Gotham FC,0.57048845,0.6129193,0.042430818,8,Win
7522,Houston Dash,North Carolina Courage,0.959971,0.7525157,0.20745534,13,Draw
7522,North Carolina Courage,Houston Dash,0.7525157,0.959971,0.20745534,7,Draw
7523,OL Reign,Orlando Pride,1.5595658,1.5773,0.01773417,18,Draw
7523,Orlando Pride,OL Reign,1.5773,1.5595658,0.01773417,15,Draw
7524,Houston Dash,Orlando Pride,2.1762881,1.9481686,0.22811949,17,Win
7524,Orlando Pride,Houston Dash,1.9481686,2.1762881,0.22811949,23,Loss
7549,Iceland,Nigeria,1.5521619,1.3121593,0.24000263,10,Loss
7549,Nigeria,Iceland,1.3121593,1.5521619,0.24000263,17,Win
7555,Colombia,Poland,1.3869427,1.1141979,0.2727449,13,Win
7555,Poland,Colombia,1.1141979,1.3869427,0.2727449,11,Loss
7557,Iran,Portugal,1.5769696,1.5224179,0.05455172,9,Draw
7557,Portugal,Iran,1.5224179,1.5769696,0.05455172,15,Draw
7563,Denmark,France,0.13895808,0.4181405,0.27918243,5,Draw
7563,France,Denmark,0.4181405,0.13895808,0.27918243,11,Draw
7570,Belgium,England,0.9653343,1.2006863,0.23535204,14,Win
7570,England,Belgium,1.2006863,0.9653343,0.23535204,12,Loss
7571,Colombia,Senegal,0.28486186,0.35991007,0.07504821,4,Win
7571,Senegal,Colombia,0.35991007,0.28486186,0.07504821,7,Loss
7572,Japan,Poland,0.8823761,1.040714,0.15833795,11,Loss
7572,Poland,Japan,1.040714,0.8823761,0.15833795,11,Win
7576,Portugal,Spain,1.4345958,1.6609466,0.22635078,10,Draw
7576,Spain,Portugal,1.6609466,1.4345958,0.22635078,12,Draw
7580,Argentina,France,1.4465594,1.6380271,0.19146764,12,Loss
7580,France,Argentina,1.6380271,1.4465594,0.19146764,9,Win
8649,France,Uruguay,0.53878295,0.6931953,0.15441233,11,Win
8649,Uruguay,France,0.6931953,0.53878295,0.15441233,10,Loss
8651,England,Sweden,0.758236,0.8341866,0.07595062,12,Win
8651,Sweden,England,0.8341866,0.758236,0.07595062,8,Loss
8657,Belgium,England,1.3206584,1.3353566,0.014698148,11,Win
8657,England,Belgium,1.3353566,1.3206584,0.014698148,15,Loss
9602,Barcelona,Getafe,0.55572885,0.6546389,0.09891003,7,Win
9602,Getafe,Barcelona,0.6546389,0.55572885,0.09891003,13,Loss
9620,Barcelona,Girona,0.98248875,1.0864782,0.10398948,10,Win
9620,Girona,Barcelona,1.0864782,0.98248875,0.10398948,14,Loss
9695,Barcelona,Valencia,0.91335964,1.1002983,0.18693864,12,Draw
9695,Valencia,Barcelona,1.1002983,0.91335964,0.18693864,9,Draw
9783,Barcelona,Espanyol,0.8272799,0.5659254,0.2613545,13,Draw
9783,Espanyol,Barcelona,0.5659254,0.8272799,0.2613545,7,Draw
9827,Barcelona,Las Palmas,1.0450224,1.2387657,0.19374335,10,Draw
9827,Las Palmas,Barcelona,1.2387657,1.0450224,0.19374335,12,Draw
9889,Barcelona,Celta Vigo,2.129271,2.4107103,0.2814393,14,Draw
9889,Celta Vigo,Barcelona,2.4107103,2.129271,0.2814393,18,Draw
16073,Atlético Madrid,Barcelona,0.1419699,0.2964782,0.15450831,3,Draw
16073,Barcelona,Atlético Madrid,0.2964782,0.1419699,0.15450831,7,Draw
16079,Barcelona,Villarreal,1.0838478,0.8975264,0.18632138,15,Win
16079,Villarreal,Barcelona,0.8975264,1.0838478,0.18632138,12,Loss
16109,Barcelona,Celta Vigo,1.1343974,0.8996077,0.23478967,9,Win
16109,Celta Vigo,Barcelona,0.8996077,1.1343974,0.23478967,11,Loss
16120,Barcelona,Getafe,1.7478493,1.5908359,0.15701342,13,Win
16120,Getafe,Barcelona,1.5908359,1.7478493,0.15701342,10,Loss
16131,Barcelona,Eibar,1.1677537,0.9653472,0.20240653,7,Win
16131,Eibar,Barcelona,0.9653472,1.1677537,0.20240653,16,Loss
16196,Barcelona,Real Madrid,1.261196,1.088861,0.17233503,10,Win
16196,Real Madrid,Barcelona,1.088861,1.261196,0.17233503,18,Loss
16240,Barcelona,Villarreal,2.2952025,2.5728223,0.27761984,15,Draw
16240,Villarreal,Barcelona,2.5728223,2.2952025,0.27761984,16,Draw
18235,Bayern Munich,Inter Milan,1.0990973,1.1474298,0.048332572,22,Loss
18235,Inter Milan,Bayern Munich,1.1474298,1.0990973,0.048332572,12,Win
18245,Liverpool,Real Madrid,1.4270669,1.6771193,0.25005233,14,Loss
18245,Real Madrid,Liverpool,1.6771193,1.4270669,0.25005233,14,Win
19714,Chelsea FCW,Manchester City WFC,0.95133585,1.2317235,0.2803877,15,Draw
19714,Manchester City WFC,Chelsea FCW,1.2317235,0.95133585,0.2803877,16,Draw
19725,Brighton & Hove Albion WFC,Liverpool WFC,0.56948495,0.40407774,0.16540721,8,Loss
19725,Liverpool WFC,Brighton & Hove Albion WFC,0.40407774,0.56948495,0.16540721,8,Win
19727,Birmingham City WFC,Reading WFC,2.0609875,1.7814568,0.27953064,18,Win
19727,Reading WFC,Birmingham City WFC,1.7814568,2.0609875,0.27953064,16,Loss
19747,Manchester City WFC,Reading WFC,1.520054,1.6635934,0.14353943,23,Draw
19747,Reading WFC,Manchester City WFC,1.6635934,1.520054,0.14353943,22,Draw
19754,Arsenal WFC,Liverpool WFC,1.3949865,1.1526968,0.24228966,13,Win
19754,Liverpool WFC,Arsenal WFC,1.1526968,1.3949865,0.24228966,4,Loss
19761,Bristol City WFC,Liverpool WFC,1.1400002,1.1094337,0.030566573,9,Win
19761,Liverpool WFC,Bristol City WFC,1.1094337,1.1400002,0.030566573,12,Loss
19763,Birmingham City WFC,West Ham United LFC,1.8776156,1.9956306,0.11801505,13,Win
19763,West Ham United LFC,Birmingham City WFC,1.9956306,1.8776156,0.11801505,12,Loss
19767,Everton LFC,Reading WFC,1.0660822,1.3541334,0.28805113,11,Loss
19767,Reading WFC,Everton LFC,1.3541334,1.0660822,0.28805113,14,Win
19769,Brighton & Hove Albion WFC,West Ham United LFC,0.7826353,0.8987844,0.11614913,14,Loss
19769,West Ham United LFC,Brighton & Hove Albion WFC,0.8987844,0.7826353,0.11614913,9,Win
19770,Arsenal WFC,Manchester City WFC,1.2282118,0.9942718,0.23393995,17,Loss
19770,Manchester City WFC,Arsenal WFC,0.9942718,1.2282118,0.23393995,10,Win
19774,Bristol City WFC,Everton LFC,0.88637924,0.71296716,0.17341208,15,Win
19774,Everton LFC,Bristol City WFC,0.71296716,0.88637924,0.17341208,11,Loss
19782,Birmingham City WFC,Reading WFC,1.4469907,1.3252347,0.12175608,13,Win
19782,Reading WFC,Birmingham City WFC,1.3252347,1.4469907,0.12175608,15,Loss
19784,Brighton & Hove Albion WFC,Everton LFC,0.2651754,0.49650472,0.23132932,8,Draw
19784,Everton LFC,Brighton & Hove Albion WFC,0.49650472,0.2651754,0.23132932,10,Draw
19785,Arsenal WFC,Chelsea FCW,1.3118167,1.5063475,0.19453084,4,Loss
19785,Chelsea FCW,Arsenal WFC,1.5063475,1.3118167,0.19453084,14,Win
19787,Birmingham City WFC,Bristol City WFC,0.6263733,0.6158583,0.010514975,12,Loss
19787,Bristol City WFC,Birmingham City WFC,0.6158583,0.6263733,0.010514975,6,Win
19789,Birmingham City WFC,Chelsea FCW,1.1794362,1.190045,0.010608792,10,Win
19789,Chelsea FCW,Birmingham City WFC,1.190045,1.1794362,0.010608792,12,Loss
19793,Liverpool WFC,West Ham United LFC,0.8158847,0.770876,0.04500872,7,Win
19793,West Ham United LFC,Liverpool WFC,0.770876,0.8158847,0.04500872,15,Loss
19795,Reading WFC,West Ham United LFC,1.3254509,1.1745976,0.15085328,9,Loss
19795,West Ham United LFC,Reading WFC,1.1745976,1.3254509,0.15085328,13,Win
19796,Birmingham City WFC,Brighton & Hove Albion WFC,1.2765652,1.2872722,0.010707021,11,Loss
19796,Brighton & Hove Albion WFC,Birmingham City WFC,1.2872722,1.2765652,0.010707021,9,Win
19803,Everton LFC,West Ham United LFC,0.75741434,0.50475484,0.2526595,10,Win
19803,West Ham United LFC,Everton LFC,0.50475484,0.75741434,0.2526595,7,Loss
19817,Everton LFC,Reading WFC,1.42849,1.1440578,0.2844323,14,Win
19817,Reading WFC,Everton LFC,1.1440578,1.42849,0.2844323,9,Loss
19821,Arsenal WFC,Manchester City WFC,1.0847619,0.93259186,0.15217,12,Win
19821,Manchester City WFC,Arsenal WFC,0.93259186,1.0847619,0.15217,14,Loss
22912,Liverpool,Tottenham Hotspur,1.2031476,0.92426366,0.278884,14,Win
22912,Tottenham Hotspur,Liverpool,0.92426366,1.2031476,0.278884,16,Loss
22924,Nigeria Women's,Norway Women's,0.7977105,0.78580004,0.011910439,10,Loss
22924,Norway Women's,Nigeria Women's,0.78580004,0.7977105,0.011910439,10,Win
22940,Argentina Women's,Japan Women's,0.19493146,0.34651977,0.1515883,5,Draw
22940,Japan Women's,Argentina Women's,0.34651977,0.19493146,0.1515883,8,Draw
22945,Korea Republic Women's,Nigeria Women's,0.8575782,0.8019492,0.055629015,17,Loss
22945,Nigeria Women's,Korea Republic Women's,0.8019492,0.8575782,0.055629015,13,Win
22981,Korea Republic Women's,Norway Women's,2.1616879,2.162098,0.00041007996,22,Loss
22981,Norway Women's,Korea Republic Women's,2.162098,2.1616879,0.00041007996,8,Win
68320,Barcelona,Villarreal,0.36918712,0.39189318,0.022706062,11,Win
68320,Villarreal,Barcelona,0.39189318,0.36918712,0.022706062,6,Loss
68326,Barcelona,Celta Vigo,0.9041699,1.065674,0.16150403,11,Win
68326,Celta Vigo,Barcelona,1.065674,0.9041699,0.16150403,11,Loss
68330,Barcelona,Real Madrid,1.1765714,1.3186816,0.14211023,14,Loss
68330,Real Madrid,Barcelona,1.3186816,1.1765714,0.14211023,17,Win
68331,Barcelona,Real Zaragoza,1.3115822,1.0223958,0.28918636,13,Win
68331,Real Zaragoza,Barcelona,1.0223958,1.3115822,0.28918636,12,Loss
68341,Barcelona,Recreativo Huelva,0.9817041,0.79478174,0.18692237,11,Win
68341,Recreativo Huelva,Barcelona,0.79478174,0.9817041,0.18692237,13,Loss
68344,Canada Women's,Netherlands Women's,1.2482755,1.5332311,0.28495562,12,Loss
68344,Netherlands Women's,Canada Women's,1.5332311,1.2482755,0.28495562,8,Win
69171,Barcelona,Sevilla,1.0634787,0.94956195,0.113916755,21,Win
69171,Sevilla,Barcelona,0.94956195,1.0634787,0.113916755,10,Loss
69179,Barcelona,Real Zaragoza,0.94068605,1.0295382,0.08885211,8,Loss
69179,Real Zaragoza,Barcelona,1.0295382,0.94068605,0.08885211,14,Win
69180,Barcelona,Racing Santander,0.7401559,0.85009855,0.109942675,14,Draw
69180,Racing Santander,Barcelona,0.85009855,0.7401559,0.109942675,14,Draw
69182,Barcelona,Real Zaragoza,1.7041779,1.7766511,0.07247329,11,Win
69182,Real Zaragoza,Barcelona,1.7766511,1.7041779,0.07247329,15,Loss
69191,China PR Women's,Italy Women's,0.70429724,0.98979855,0.2855013,19,Loss
69191,Italy Women's,China PR Women's,0.98979855,0.70429724,0.2855013,15,Win
69208,Germany Women's,Sweden Women's,1.2699889,1.3226653,0.05267644,13,Loss
69208,Sweden Women's,Germany Women's,1.3226653,1.2699889,0.05267644,11,Win
69217,Barcelona,Villarreal,1.6785234,1.9465723,0.26804888,16,Draw
69217,Villarreal,Barcelona,1.9465723,1.6785234,0.26804888,6,Draw
69233,Barcelona,Racing Santander,0.9146558,0.6875707,0.22708511,16,Win
69233,Racing Santander,Barcelona,0.6875707,0.9146558,0.22708511,5,Loss
69235,Barcelona,Málaga,0.6359908,0.62075925,0.01523155,13,Win
69235,Málaga,Barcelona,0.62075925,0.6359908,0.01523155,5,Loss
69237,Atlético Madrid,Barcelona,0.9237893,1.0258515,0.102062166,13,Win
69237,Barcelona,Atlético Madrid,1.0258515,0.9237893,0.102062166,13,Loss
69240,Barcelona,Getafe,1.6227036,1.7982414,0.17553782,16,Win
69240,Getafe,Barcelona,1.7982414,1.6227036,0.17553782,15,Loss
69245,Barcelona,Real Madrid,1.4848442,1.7108759,0.22603166,10,Draw
69245,Real Madrid,Barcelona,1.7108759,1.4848442,0.22603166,13,Draw
69271,Barcelona,Osasuna,0.7660711,1.0326605,0.2665894,11,Win
69271,Osasuna,Barcelona,1.0326605,0.7660711,0.2665894,12,Loss
69272,Barcelona,Levante UD,0.85867864,1.0395664,0.18088776,10,Draw
69272,Levante UD,Barcelona,1.0395664,0.85867864,0.18088776,8,Draw
69280,Barcelona,RC Deportivo La Coruña,0.9275416,0.7417498,0.18579179,7,Win
69280,RC Deportivo La Coruña,Barcelona,0.7417498,0.9275416,0.18579179,7,Loss
69286,Barcelona,Racing Santander,0.80979985,1.1070344,0.2972346,9,Win
69286,Racing Santander,Barcelona,1.1070344,0.80979985,0.2972346,11,Loss
69287,Barcelona,Hércules,1.5802333,1.7690018,0.1887685,16,Loss
69287,Hércules,Barcelona,1.7690018,1.5802333,0.1887685,9,Win
69292,Atlético Madrid,Barcelona,1.2267812,1.4790149,0.25223362,13,Loss
69292,Barcelona,Atlético Madrid,1.4790149,1.2267812,0.25223362,8,Win
69301,England Women's,Sweden Women's,0.4738433,0.5492785,0.07543519,11,Loss
69301,Sweden Women's,England Women's,0.5492785,0.4738433,0.07543519,8,Win
69304,Barcelona,Villarreal,0.84571135,0.6675511,0.17816025,10,Win
69304,Villarreal,Barcelona,0.6675511,0.84571135,0.17816025,7,Loss
69319,Barcelona,Real Betis,0.579133,0.81426024,0.23512727,11,Draw
69319,Real Betis,Barcelona,0.81426024,0.579133,0.23512727,5,Draw
70287,Barcelona,Real Sociedad,1.1545138,0.99221337,0.16230047,8,Loss
70287,Real Sociedad,Barcelona,0.99221337,1.1545138,0.16230047,14,Win
70296,Atlético Madrid,Barcelona,0.77459747,0.9005526,0.1259551,8,Loss
70296,Barcelona,Atlético Madrid,0.9005526,0.77459747,0.1259551,9,Win
70300,Barcelona,Real Madrid,1.083443,0.9278928,0.15555024,10,Draw
70300,Real Madrid,Barcelona,0.9278928,1.083443,0.15555024,9,Draw
70304,Barcelona,RC Deportivo La Coruña,1.4175586,1.4033799,0.014178634,10,Win
70304,RC Deportivo La Coruña,Barcelona,1.4033799,1.4175586,0.014178634,12,Loss
70309,Barcelona,Real Zaragoza,0.6960768,0.7739886,0.077911794,8,Win
70309,Real Zaragoza,Barcelona,0.7739886,0.6960768,0.077911794,12,Loss
265830,Atlético Madrid,Barcelona,0.74918985,0.5244046,0.22478527,8,Draw
265830,Barcelona,Atlético Madrid,0.5244046,0.74918985,0.22478527,8,Draw
266160,Barcelona,Levante UD,1.0811465,0.8459463,0.23520017,11,Win
266160,Levante UD,Barcelona,0.8459463,1.0811465,0.23520017,14,Loss
266256,Atlético Madrid,Barcelona,0.5015924,0.49060833,0.010984063,9,Draw
266256,Barcelona,Atlético Madrid,0.49060833,0.5015924,0.010984063,10,Draw
266467,Barcelona,Celta Vigo,1.942481,2.1075397,0.16505861,18,Loss
266467,Celta Vigo,Barcelona,2.1075397,1.942481,0.16505861,19,Win
266603,Barcelona,Real Valladolid,0.7965791,0.7401713,0.05640781,12,Loss
266603,Real Valladolid,Barcelona,0.7401713,0.7965791,0.05640781,7,Win
266874,Athletic Club,Barcelona,0.8227133,0.9673182,0.14460486,10,Loss
266874,Barcelona,Athletic Club,0.9673182,0.8227133,0.14460486,16,Win
266961,Barcelona,RC Deportivo La Coruña,1.0406202,0.98660064,0.05401957,19,Draw
266961,RC Deportivo La Coruña,Barcelona,0.98660064,1.0406202,0.05401957,12,Draw
267076,Barcelona,Real Madrid,1.2154033,1.1099052,0.105498075,12,Draw
267076,Real Madrid,Barcelona,1.1099052,1.2154033,0.105498075,14,Draw
267502,Athletic Club,Barcelona,1.3852429,1.1438837,0.24135923,7,Draw
267502,Barcelona,Athletic Club,1.1438837,1.3852429,0.24135923,15,Draw
267576,Atlético Madrid,Barcelona,0.67989606,0.5706675,0.10922855,7,Loss
267576,Barcelona,Atlético Madrid,0.5706675,0.67989606,0.10922855,10,Win
267660,Barcelona,RC Deportivo La Coruña,1.3406855,1.5689477,0.22826219,15,Loss
267660,RC Deportivo La Coruña,Barcelona,1.5689477,1.3406855,0.22826219,14,Win
267675,Barcelona,Sevilla,1.1985435,1.4156663,0.2171228,8,Win
267675,Sevilla,Barcelona,1.4156663,1.1985435,0.2171228,14,Loss
303400,Barcelona,Valencia,1.1654316,1.2827697,0.11733806,14,Loss
303400,Valencia,Barcelona,1.2827697,1.1654316,0.11733806,8,Win
303430,Barcelona,Villarreal,0.6120869,0.5438857,0.068201184,9,Win
303430,Villarreal,Barcelona,0.5438857,0.6120869,0.068201184,11,Loss
303470,Barcelona,Real Madrid,1.0693448,0.865274,0.20407075,9,Loss
303470,Real Madrid,Barcelona,0.865274,1.0693448,0.20407075,13,Win
303473,Barcelona,Sevilla,1.4673042,1.725326,0.2580217,15,Win
303473,Sevilla,Barcelona,1.725326,1.4673042,0.2580217,16,Loss
303524,Atlético Madrid,Barcelona,1.2149637,0.9310638,0.2838999,16,Loss
303524,Barcelona,Atlético Madrid,0.9310638,1.2149637,0.2838999,13,Win
303596,Barcelona,Real Madrid,0.71992534,0.95429254,0.23436719,9,Draw
303596,Real Madrid,Barcelona,0.95429254,0.71992534,0.23436719,17,Draw
303674,Barcelona,Sevilla,0.50602734,0.5237577,0.017730355,10,Draw
303674,Sevilla,Barcelona,0.5237577,0.50602734,0.017730355,8,Draw
2275036,Everton LFC,Reading WFC,1.0133877,1.0821954,0.06880772,10,Win
2275036,Reading WFC,Everton LFC,1.0821954,1.0133877,0.06880772,7,Loss
2275083,Birmingham City WFC,Bristol City WFC,0.77421343,0.5383283,0.23588514,8,Loss
2275083,Bristol City WFC,Birmingham City WFC,0.5383283,0.77421343,0.23588514,4,Win
2275105,Chelsea FCW,Manchester City WFC,2.3367517,2.390647,0.053895235,15,Draw
2275105,Manchester City WFC,Chelsea FCW,2.390647,2.3367517,0.053895235,13,Draw
2275116,Liverpool WFC,Manchester City WFC,0.91881263,1.1855506,0.26673794,12,Loss
2275116,Manchester City WFC,Liverpool WFC,1.1855506,0.91881263,0.26673794,14,Win
2275120,Birmingham City WFC,Everton LFC,0.8300615,0.90693927,0.07687777,17,Loss
2275120,Everton LFC,Birmingham City WFC,0.90693927,0.8300615,0.07687777,10,Win
2275136,Manchester City WFC,Manchester United,0.3642645,0.6087221,0.2444576,10,Win
2275136,Manchester United,Manchester City WFC,0.6087221,0.3642645,0.2444576,8,Loss
2275144,Everton LFC,Manchester United,1.303814,1.0921146,0.21169949,9,Loss
2275144,Manchester United,Everton LFC,1.0921146,1.303814,0.21169949,7,Win
2275157,Manchester United,Reading WFC,0.94383943,0.93553644,0.008302987,7,Win
2275157,Reading WFC,Manchester United,0.93553644,0.94383943,0.008302987,11,Loss
3749117,Arsenal,Everton,1.0562247,0.9617855,0.09443921,11,Draw
3749117,Everton,Arsenal,0.9617855,1.0562247,0.09443921,12,Draw
3749448,Arsenal,Liverpool,2.006133,1.9407604,0.065372705,15,Win
3749448,Liverpool,Arsenal,1.9407604,2.006133,0.065372705,13,Loss
3749603,Arsenal,Fulham,1.1986215,1.4042848,0.20566332,9,Win
3749603,Fulham,Arsenal,1.4042848,1.1986215,0.20566332,17,Loss
3750201,Barcelona,Manchester United,1.1987444,1.1492295,0.04951489,11,Win
3750201,Manchester United,Barcelona,1.1492295,1.1987444,0.04951489,12,Loss
3750240,Fiorentina,Manchester United,0.91772974,0.9619478,0.044218063,14,Win
3750240,Manchester United,Fiorentina,0.9619478,0.91772974,0.044218063,13,Loss
3750248,Athletic Club,Barcelona,0.6160202,0.9101749,0.2941547,8,Win
3750248,Barcelona,Athletic Club,0.9101749,0.6160202,0.2941547,14,Loss
3752619,AS Monaco,FC Porto,0.68269366,0.4999199,0.18277377,9,Loss
3752619,FC Porto,AS Monaco,0.4999199,0.68269366,0.18277377,4,Win
3753976,Arsenal,Swansea City,1.3274736,1.1740502,0.15342343,17,Loss
3753976,Swansea City,Arsenal,1.1740502,1.3274736,0.15342343,11,Win
3753978,Southampton,Swansea City,1.4077682,1.3212739,0.08649433,16,Win
3753978,Swansea City,Southampton,1.3212739,1.4077682,0.08649433,11,Loss
3753981,Aston Villa,Crystal Palace,0.69713175,0.40050796,0.2966238,13,Win
3753981,Crystal Palace,Aston Villa,0.40050796,0.69713175,0.2966238,9,Loss
3753985,Liverpool,Stoke City,0.24526812,0.41507447,0.16980635,8,Win
3753985,Stoke City,Liverpool,0.41507447,0.24526812,0.16980635,6,Loss
3754002,Leicester City,Newcastle United,0.9309547,0.873261,0.05769372,10,Win
3754002,Newcastle United,Leicester City,0.873261,0.9309547,0.05769372,13,Loss
3754005,Newcastle United,Stoke City,0.40443307,0.2795712,0.124861866,5,Loss
3754005,Stoke City,Newcastle United,0.2795712,0.40443307,0.124861866,9,Win
3754007,Stoke City,West Bromwich Albion,0.65538675,0.9523901,0.29700333,13,Loss
3754007,West Bromwich Albion,Stoke City,0.9523901,0.65538675,0.29700333,16,Win
3754010,Newcastle United,Watford,1.3770292,1.1592038,0.21782541,16,Loss
3754010,Watford,Newcastle United,1.1592038,1.3770292,0.21782541,12,Win
3754011,Manchester United,Southampton,1.6235344,1.7736771,0.15014267,10,Win
3754011,Southampton,Manchester United,1.7736771,1.6235344,0.15014267,16,Loss
3754014,Manchester United,Stoke City,1.2773737,1.0752312,0.20214248,10,Loss
3754014,Stoke City,Manchester United,1.0752312,1.2773737,0.20214248,13,Win
3754015,Manchester City,Manchester United,0.3240815,0.3447739,0.020692378,6,Draw
3754015,Manchester United,Manchester City,0.3447739,0.3240815,0.020692378,6,Draw
3754022,Crystal Palace,Norwich City,1.2824346,1.0310543,0.25138032,14,Win
3754022,Norwich City,Crystal Palace,1.0310543,1.2824346,0.25138032,14,Loss
3754024,Newcastle United,Swansea City,1.0500872,1.1110243,0.060937047,12,Win
3754024,Swansea City,Newcastle United,1.1110243,1.0500872,0.060937047,12,Loss
3754026,Crystal Palace,Stoke City,1.2387486,1.1962769,0.042471647,17,Win
3754026,Stoke City,Crystal Palace,1.1962769,1.2387486,0.042471647,12,Loss
3754034,Everton,Southampton,0.9120889,1.0568284,0.14473951,11,Win
3754034,Southampton,Everton,1.0568284,0.9120889,0.14473951,17,Loss
3754044,Manchester United,Norwich City,0.9421335,0.9237468,0.018386662,11,Loss
3754044,Norwich City,Manchester United,0.9237468,0.9421335,0.018386662,6,Win
3754050,Crystal Palace,Sunderland,1.1187674,1.0557287,0.06303871,14,Draw
3754050,Sunderland,Crystal Palace,1.0557287,1.1187674,0.06303871,19,Draw
3754052,Norwich City,West Bromwich Albion,0.69767255,0.45848504,0.23918751,7,Win
3754052,West Bromwich Albion,Norwich City,0.45848504,0.69767255,0.23918751,10,Loss
3754061,Chelsea,Stoke City,1.3757944,1.5152482,0.13945377,20,Draw
3754061,Stoke City,Chelsea,1.5152482,1.3757944,0.13945377,17,Draw
3754074,Swansea City,Tottenham Hotspur,0.9218798,1.158606,0.23672622,11,Draw
3754074,Tottenham Hotspur,Swansea City,1.158606,0.9218798,0.23672622,21,Draw
3754083,Chelsea,Crystal Palace,2.2023637,2.1445632,0.05780053,27,Loss
3754083,Crystal Palace,Chelsea,2.1445632,2.2023637,0.05780053,13,Win
3754084,Aston Villa,West Bromwich Albion,0.6328571,0.46868968,0.1641674,16,Draw
3754084,West Bromwich Albion,Aston Villa,0.46868968,0.6328571,0.1641674,5,Draw
3754088,Manchester United,Newcastle United,1.8573539,2.1130974,0.2557435,12,Draw
3754088,Newcastle United,Manchester United,2.1130974,1.8573539,0.2557435,14,Draw
3754090,Newcastle United,Stoke City,1.3305546,1.3440481,0.013493538,15,Draw
3754090,Stoke City,Newcastle United,1.3440481,1.3305546,0.013493538,10,Draw
3754093,Chelsea,Tottenham Hotspur,0.27185443,0.51261866,0.24076423,5,Draw
3754093,Tottenham Hotspur,Chelsea,0.51261866,0.27185443,0.24076423,9,Draw
3754097,Manchester United,Tottenham Hotspur,0.5250775,0.5846459,0.059568405,9,Win
3754097,Tottenham Hotspur,Manchester United,0.5846459,0.5250775,0.059568405,9,Loss
3754101,Norwich City,Southampton,1.1692611,0.9872714,0.18198967,10,Win
3754101,Southampton,Norwich City,0.9872714,1.1692611,0.18198967,10,Loss
3754103,Chelsea,Watford,0.9393716,0.9010311,0.03834051,13,Draw
3754103,Watford,Chelsea,0.9010311,0.9393716,0.03834051,13,Draw
3754106,Aston Villa,Leicester City,1.2169253,1.4981258,0.28120053,11,Loss
3754106,Leicester City,Aston Villa,1.4981258,1.2169253,0.28120053,21,Win
3754107,Aston Villa,Manchester United,0.32450932,0.5409471,0.21643776,5,Loss
3754107,Manchester United,Aston Villa,0.5409471,0.32450932,0.21643776,8,Win
3754108,Chelsea,Sunderland,1.1584543,0.96629393,0.19216037,9,Loss
3754108,Sunderland,Chelsea,0.96629393,1.1584543,0.19216037,14,Win
3754111,Arsenal,Chelsea,1.1486089,1.1831136,0.034504652,10,Loss
3754111,Chelsea,Arsenal,1.1831136,1.1486089,0.034504652,12,Win
3754112,Newcastle United,Southampton,1.6138294,1.3296814,0.28414798,10,Draw
3754112,Southampton,Newcastle United,1.3296814,1.6138294,0.28414798,14,Draw
3754116,Chelsea,Swansea City,1.6571838,1.8257265,0.16854274,9,Loss
3754116,Swansea City,Chelsea,1.8257265,1.6571838,0.16854274,12,Win
3754120,Southampton,West Ham United,0.81201243,0.87702435,0.06501192,8,Win
3754120,West Ham United,Southampton,0.87702435,0.81201243,0.06501192,19,Loss
3754121,AFC Bournemouth,Watford,1.1564956,0.909375,0.24712056,12,Draw
3754121,Watford,AFC Bournemouth,0.909375,1.1564956,0.24712056,14,Draw
3754130,Aston Villa,Norwich City,0.31659082,0.5811104,0.2645196,7,Loss
3754130,Norwich City,Aston Villa,0.5811104,0.31659082,0.2645196,9,Win
3754133,Norwich City,West Bromwich Albion,0.7781621,0.5951468,0.18301535,16,Loss
3754133,West Bromwich Albion,Norwich City,0.5951468,0.7781621,0.18301535,7,Win
3754140,Everton,Tottenham Hotspur,0.72384495,0.8274244,0.10357946,12,Draw
3754140,Tottenham Hotspur,Everton,0.8274244,0.72384495,0.10357946,19,Draw
3754143,Liverpool,Newcastle United,1.1163291,0.8870706,0.22925848,10,Loss
3754143,Newcastle United,Liverpool,0.8870706,1.1163291,0.22925848,6,Win
3754146,Leicester City,Stoke City,1.6110065,1.3240588,0.28694773,12,Draw
3754146,Stoke City,Leicester City,1.3240588,1.6110065,0.28694773,10,Draw
3754150,Stoke City,Sunderland,0.973045,1.2080773,0.23503232,7,Loss
3754150,Sunderland,Stoke City,1.2080773,0.973045,0.23503232,18,Win
3754151,Norwich City,Swansea City,0.6972228,0.47894105,0.21828178,8,Loss
3754151,Swansea City,Norwich City,0.47894105,0.6972228,0.21828178,10,Win
3754158,Swansea City,West Ham United,2.7636223,2.8394377,0.07581544,14,Win
3754158,West Ham United,Swansea City,2.8394377,2.7636223,0.07581544,26,Loss
3754161,Swansea City,Watford,0.48989344,0.58815205,0.098258615,10,Win
3754161,Watford,Swansea City,0.58815205,0.48989344,0.098258615,12,Loss
3754163,Everton,Swansea City,1.5548944,1.2572348,0.29765964,19,Loss
3754163,Swansea City,Everton,1.2572348,1.5548944,0.29765964,7,Win
3754165,Leicester City,Manchester United,1.1321013,1.2500652,0.11796391,14,Draw
3754165,Manchester United,Leicester City,1.2500652,1.1321013,0.11796391,21,Draw
3754169,AFC Bournemouth,Sunderland,0.5735988,0.42454132,0.14905748,15,Win
3754169,Sunderland,AFC Bournemouth,0.42454132,0.5735988,0.14905748,9,Loss
3754176,Crystal Palace,West Ham United,1.5324186,1.4462148,0.08620381,12,Draw
3754176,West Ham United,Crystal Palace,1.4462148,1.5324186,0.08620381,18,Draw
3754177,AFC Bournemouth,Newcastle United,1.1285468,1.0877801,0.040766716,16,Win
3754177,Newcastle United,AFC Bournemouth,1.0877801,1.1285468,0.040766716,15,Loss
3754178,Aston Villa,Watford,1.9050632,1.7101047,0.19495845,14,Loss
3754178,Watford,Aston Villa,1.7101047,1.9050632,0.19495845,15,Win
3754184,Arsenal,Norwich City,0.8146843,0.8152819,0.0005976558,14,Win
3754184,Norwich City,Arsenal,0.8152819,0.8146843,0.0005976558,12,Loss
3754188,Southampton,Tottenham Hotspur,1.0455297,1.2916886,0.24615884,11,Loss
3754188,Tottenham Hotspur,Southampton,1.2916886,1.0455297,0.24615884,12,Win
3754189,Southampton,Watford,0.8235125,0.857369,0.03385651,15,Draw
3754189,Watford,Southampton,0.857369,0.8235125,0.03385651,12,Draw
3754190,Aston Villa,Crystal Palace,0.8991666,0.9894575,0.090290904,12,Loss
3754190,Crystal Palace,Aston Villa,0.9894575,0.8991666,0.090290904,17,Win
3754191,AFC Bournemouth,Southampton,0.9146409,0.9831155,0.06847459,16,Loss
3754191,Southampton,AFC Bournemouth,0.9831155,0.9146409,0.06847459,11,Win
3754206,Manchester City,Newcastle United,0.67838913,0.60244954,0.075939596,10,Draw
3754206,Newcastle United,Manchester City,0.60244954,0.67838913,0.075939596,5,Draw
3754215,Tottenham Hotspur,West Bromwich Albion,0.7074031,0.99287724,0.28547412,9,Draw
3754215,West Bromwich Albion,Tottenham Hotspur,0.99287724,0.7074031,0.28547412,13,Draw
3754216,AFC Bournemouth,Liverpool,1.6120504,1.816739,0.20468855,19,Loss
3754216,Liverpool,AFC Bournemouth,1.816739,1.6120504,0.20468855,19,Win
3754218,Crystal Palace,Southampton,1.203957,0.9414379,0.26251906,13,Win
3754218,Southampton,Crystal Palace,0.9414379,1.203957,0.26251906,15,Loss
3754221,Manchester United,Swansea City,0.9028143,0.93491066,0.032096326,11,Loss
3754221,Swansea City,Manchester United,0.93491066,0.9028143,0.032096326,9,Win
3754223,Crystal Palace,Manchester United,0.8762727,0.5786939,0.29757875,11,Draw
3754223,Manchester United,Crystal Palace,0.5786939,0.8762727,0.29757875,5,Draw
3754229,Chelsea,Leicester City,1.8959448,1.7267637,0.16918111,18,Draw
3754229,Leicester City,Chelsea,1.7267637,1.8959448,0.16918111,19,Draw
3754236,Crystal Palace,West Bromwich Albion,1.3277936,1.1593494,0.16844416,16,Loss
3754236,West Bromwich Albion,Crystal Palace,1.1593494,1.3277936,0.16844416,11,Win
3754247,Southampton,Stoke City,1.1517317,1.4124342,0.2607025,16,Loss
3754247,Stoke City,Southampton,1.4124342,1.1517317,0.2607025,16,Win
3754248,AFC Bournemouth,Crystal Palace,0.83019674,0.5632893,0.26690745,10,Draw
3754248,Crystal Palace,AFC Bournemouth,0.5632893,0.83019674,0.26690745,7,Draw
3754253,AFC Bournemouth,Arsenal,0.665177,0.7565359,0.0913589,18,Loss
3754253,Arsenal,AFC Bournemouth,0.7565359,0.665177,0.0913589,10,Win
3754256,Everton,Manchester United,1.141489,1.324904,0.18341494,15,Loss
3754256,Manchester United,Everton,1.324904,1.141489,0.18341494,10,Win
3754267,Watford,West Bromwich Albion,0.9004746,0.9313856,0.030910969,16,Draw
3754267,West Bromwich Albion,Watford,0.9313856,0.9004746,0.030910969,6,Draw
3754277,Everton,West Ham United,1.7149719,1.6856949,0.029276967,15,Loss
3754277,West Ham United,Everton,1.6856949,1.7149719,0.029276967,17,Win
3754278,AFC Bournemouth,Watford,1.3812795,1.1671103,0.21416914,11,Draw
3754278,Watford,AFC Bournemouth,1.1671103,1.3812795,0.21416914,11,Draw
3754280,Chelsea,Norwich City,0.9898511,1.0820943,0.092243195,10,Win
3754280,Norwich City,Chelsea,1.0820943,0.9898511,0.092243195,13,Loss
3754288,Chelsea,West Ham United,0.7624512,0.78498447,0.022533298,9,Loss
3754288,West Ham United,Chelsea,0.78498447,0.7624512,0.022533298,12,Win
3754293,Chelsea,Stoke City,0.85329723,0.7469116,0.10638565,18,Loss
3754293,Stoke City,Chelsea,0.7469116,0.85329723,0.10638565,8,Win
3754296,Arsenal,Manchester City,1.3539764,1.2498653,0.104111075,8,Win
3754296,Manchester City,Arsenal,1.2498653,1.3539764,0.104111075,19,Loss
3754299,Everton,Manchester United,0.57495165,0.86415106,0.2891994,7,Loss
3754299,Manchester United,Everton,0.86415106,0.57495165,0.2891994,10,Win
3754300,Everton,Watford,0.7806996,0.6199144,0.1607852,11,Draw
3754300,Watford,Everton,0.6199144,0.7806996,0.1607852,11,Draw
3754314,Arsenal,Manchester City,0.88744247,0.73829216,0.14915031,5,Draw
3754314,Manchester City,Arsenal,0.73829216,0.88744247,0.14915031,14,Draw
3754331,Sunderland,West Ham United,1.1306195,0.8649633,0.26565623,13,Loss
3754331,West Ham United,Sunderland,0.8649633,1.1306195,0.26565623,9,Win
3754332,Tottenham Hotspur,West Bromwich Albion,1.0603042,0.90350676,0.15679741,17,Draw
3754332,West Bromwich Albion,Tottenham Hotspur,0.90350676,1.0603042,0.15679741,16,Draw
3754334,AFC Bournemouth,Southampton,0.70960593,0.5324099,0.17719603,10,Win
3754334,Southampton,AFC Bournemouth,0.5324099,0.70960593,0.17719603,6,Loss
3754339,AFC Bournemouth,Stoke City,1.05338,1.0842324,0.030852437,11,Loss
3754339,Stoke City,AFC Bournemouth,1.0842324,1.05338,0.030852437,8,Win
3754346,Manchester City,Watford,0.94321984,1.081408,0.13818818,16,Win
3754346,Watford,Manchester City,1.081408,0.94321984,0.13818818,11,Loss
3764230,Tottenham Hotspur Women,West Ham United LFC,0.79385304,0.779883,0.013970017,12,Draw
3764230,West Ham United LFC,Tottenham Hotspur Women,0.779883,0.79385304,0.013970017,8,Draw
3773466,Barcelona,Celta Vigo,0.7396526,0.4661919,0.2734607,7,Win
3773466,Celta Vigo,Barcelona,0.4661919,0.7396526,0.2734607,10,Loss
3773497,Barcelona,Real Madrid,1.4944638,1.3217653,0.1726985,18,Loss
3773497,Real Madrid,Barcelona,1.3217653,1.4944638,0.1726985,14,Win
3773661,Barcelona,Getafe,1.6198783,1.5027127,0.117165565,9,Win
3773661,Getafe,Barcelona,1.5027127,1.6198783,0.117165565,5,Loss
3773665,Barcelona,Osasuna,1.0569261,1.2082273,0.15130115,13,Win
3773665,Osasuna,Barcelona,1.2082273,1.0569261,0.15130115,10,Loss
3775549,Birmingham City WFC,Tottenham Hotspur Women,0.59418285,0.51785666,0.07632619,5,Loss
3775549,Tottenham Hotspur Women,Birmingham City WFC,0.51785666,0.59418285,0.07632619,10,Win
3775563,Everton LFC,Manchester United,1.1438059,1.3169982,0.17319238,13,Loss
3775563,Manchester United,Everton LFC,1.3169982,1.1438059,0.17319238,13,Win
3775592,Reading WFC,Tottenham Hotspur Women,1.1697525,1.1887184,0.01896596,11,Draw
3775592,Tottenham Hotspur Women,Reading WFC,1.1887184,1.1697525,0.01896596,9,Draw
3775608,Tottenham Hotspur Women,West Ham United LFC,0.81802875,0.94475895,0.1267302,6,Win
3775608,West Ham United LFC,Tottenham Hotspur Women,0.94475895,0.81802875,0.1267302,14,Loss
3775617,Brighton & Hove Albion WFC,Manchester United,1.2978826,1.5255934,0.22771084,9,Win
3775617,Manchester United,Brighton & Hove Albion WFC,1.5255934,1.2978826,0.22771084,17,Loss
3775633,Aston Villa,Tottenham Hotspur Women,0.21696748,0.4485277,0.23156022,8,Win
3775633,Tottenham Hotspur Women,Aston Villa,0.4485277,0.21696748,0.23156022,12,Loss
3775640,Manchester United,Reading WFC,1.6359949,1.3484445,0.28755045,19,Loss
3775640,Reading WFC,Manchester United,1.3484445,1.6359949,0.28755045,10,Win
3775653,Birmingham City WFC,Everton LFC,0.46235806,0.7526449,0.29028684,6,Loss
3775653,Everton LFC,Birmingham City WFC,0.7526449,0.46235806,0.29028684,8,Win
3788753,Finland,Russia,0.96505326,1.2590086,0.2939554,11,Loss
3788753,Russia,Finland,1.2590086,0.96505326,0.2939554,14,Win
3788759,England,Scotland,0.8539367,0.73544973,0.11848694,9,Draw
3788759,Scotland,England,0.73544973,0.8539367,0.11848694,11,Draw
3788764,Germany,Portugal,2.1305451,1.9357408,0.19480431,13,Win
3788764,Portugal,Germany,1.9357408,2.1305451,0.19480431,7,Loss
3788772,Czech Republic,England,0.39304227,0.64232975,0.24928749,7,Loss
3788772,England,Czech Republic,0.64232975,0.39304227,0.24928749,6,Win
3794686,Croatia,Spain,2.7882245,2.7800028,0.008221626,11,Loss
3794686,Spain,Croatia,2.7800028,2.7882245,0.008221626,24,Win
3794688,England,Germany,1.1635112,1.0585476,0.10496354,5,Win
3794688,Germany,England,1.0585476,1.1635112,0.10496354,9,Loss
3795109,Czech Republic,Denmark,1.1616771,1.211988,0.05031085,16,Loss
3795109,Denmark,Czech Republic,1.211988,1.1616771,0.05031085,11,Win
3795220,Italy,Spain,4.315651,4.53613,0.22047901,12,Draw
3795220,Spain,Italy,4.53613,4.315651,0.22047901,20,Draw
3802795,Paris Saint-Germain,Rennes,0.99432075,0.75181687,0.24250388,12,Win
3802795,Rennes,Paris Saint-Germain,0.75181687,0.99432075,0.24250388,13,Loss
3802805,OGC Nice,Paris Saint-Germain,0.63395905,0.52263105,0.111328006,11,Win
3802805,Paris Saint-Germain,OGC Nice,0.52263105,0.63395905,0.111328006,8,Loss
3802902,Marseille,Paris Saint-Germain,0.94113827,1.0542982,0.113159895,15,Draw
3802902,Paris Saint-Germain,Marseille,1.0542982,0.94113827,0.113159895,10,Draw
3813265,East Bengal,Mumbai City,0.38291344,0.55659515,0.1736817,5,Draw
3813265,Mumbai City,East Bengal,0.55659515,0.38291344,0.1736817,15,Draw
3813272,Goa,Hyderabad,1.4338759,1.4238906,0.009985328,11,Draw
3813272,Hyderabad,Goa,1.4238906,1.4338759,0.009985328,19,Draw
3813274,Bengaluru,Mumbai City,1.2932473,1.0706465,0.22260082,12,Loss
3813274,Mumbai City,Bengaluru,1.0706465,1.2932473,0.22260082,9,Win
3813277,Hyderabad,Mumbai City,1.2899563,1.2964846,0.0065282583,7,Win
3813277,Mumbai City,Hyderabad,1.2964846,1.2899563,0.0065282583,12,Loss
3813281,ATK Mohun Bagan,Chennaiyin,0.7749609,0.7576282,0.017332673,9,Draw
3813281,Chennaiyin,ATK Mohun Bagan,0.7576282,0.7749609,0.017332673,14,Draw
3813282,Kerala Blasters,Mumbai City,1.4586154,1.4055506,0.053064823,14,Win
3813282,Mumbai City,Kerala Blasters,1.4055506,1.4586154,0.053064823,13,Loss
3813284,Jamshedpur,Mumbai City,1.6718944,1.6705438,0.0013506413,12,Loss
3813284,Mumbai City,Jamshedpur,1.6705438,1.6718944,0.0013506413,12,Win
3813286,Chennaiyin,Mumbai City,0.7084325,0.6793501,0.029082417,8,Loss
3813286,Mumbai City,Chennaiyin,0.6793501,0.7084325,0.029082417,15,Win
3813291,ATK Mohun Bagan,East Bengal,0.9669865,0.7330511,0.23393536,12,Win
3813291,East Bengal,ATK Mohun Bagan,0.7330511,0.9669865,0.23393536,7,Loss
3813299,Bengaluru,Hyderabad,0.56035906,0.30529144,0.25506762,9,Loss
3813299,Hyderabad,Bengaluru,0.30529144,0.56035906,0.25506762,10,Win
3813300,Kerala Blasters,Odisha,2.3054047,2.4369297,0.13152504,11,Win
3813300,Odisha,Kerala Blasters,2.4369297,2.3054047,0.13152504,18,Loss
3813304,East Bengal,Hyderabad,0.6350326,0.7526951,0.11766249,7,Draw
3813304,Hyderabad,East Bengal,0.7526951,0.6350326,0.11766249,13,Draw
3813307,Bengaluru,Jamshedpur,0.65088606,0.7743322,0.12344617,8,Draw
3813307,Jamshedpur,Bengaluru,0.7743322,0.65088606,0.12344617,13,Draw
3813308,Goa,Odisha,1.2705102,1.242761,0.02774918,11,Draw
3813308,Odisha,Goa,1.242761,1.2705102,0.02774918,13,Draw
3813309,Chennaiyin,Hyderabad,0.933322,0.8255059,0.1078161,7,Win
3813309,Hyderabad,Chennaiyin,0.8255059,0.933322,0.1078161,14,Loss
3813310,East Bengal,Kerala Blasters,0.69372976,0.41647795,0.2772518,12,Draw
3813310,Kerala Blasters,East Bengal,0.41647795,0.69372976,0.2772518,10,Draw
3813317,East Bengal,Odisha,1.4979186,1.524889,0.026970387,16,Loss
3813317,Odisha,East Bengal,1.524889,1.4979186,0.026970387,13,Win
3813318,Mumbai City,NorthEast United,2.4993064,2.540213,0.040906668,20,Draw
3813318,NorthEast United,Mumbai City,2.540213,2.4993064,0.040906668,16,Draw
3817851,Kerala Blasters,Odisha,0.934284,0.66233784,0.27194613,16,Win
3817851,Odisha,Kerala Blasters,0.66233784,0.934284,0.27194613,10,Loss
3817854,ATK Mohun Bagan,Bengaluru,0.8036303,0.870738,0.06710774,10,Win
3817854,Bengaluru,ATK Mohun Bagan,0.870738,0.8036303,0.06710774,15,Loss
3817859,Jamshedpur,NorthEast United,1.5931101,1.78806,0.19494987,15,Win
3817859,NorthEast United,Jamshedpur,1.78806,1.5931101,0.19494987,11,Loss
3817864,ATK Mohun Bagan,Mumbai City,1.2541934,1.1267126,0.12748086,19,Draw
3817864,Mumbai City,ATK Mohun Bagan,1.1267126,1.2541934,0.12748086,17,Draw
3817866,Kerala Blasters,Mumbai City,1.7743666,1.5865471,0.18781948,16,Win
3817866,Mumbai City,Kerala Blasters,1.5865471,1.7743666,0.18781948,14,Loss
3817872,Bengaluru,Odisha,1.9445403,1.691104,0.2534362,11,Win
3817872,Odisha,Bengaluru,1.691104,1.9445403,0.2534362,14,Loss
3817883,Bengaluru,Jamshedpur,1.4108474,1.154756,0.25609148,11,Win
3817883,Jamshedpur,Bengaluru,1.154756,1.4108474,0.25609148,13,Loss
3817885,East Bengal,Mumbai City,1.0185645,1.2889607,0.27039623,13,Loss
3817885,Mumbai City,East Bengal,1.2889607,1.0185645,0.27039623,12,Win
3817892,ATK Mohun Bagan,Odisha,1.5756372,1.5513458,0.024291396,17,Draw
3817892,Odisha,ATK Mohun Bagan,1.5513458,1.5756372,0.024291396,13,Draw
3817894,Goa,Odisha,1.7038636,1.9163545,0.21249092,24,Draw
3817894,Odisha,Goa,1.9163545,1.7038636,0.21249092,11,Draw
3817897,Hyderabad,Kerala Blasters,1.4205722,1.3841952,0.036376953,9,Win
3817897,Kerala Blasters,Hyderabad,1.3841952,1.4205722,0.036376953,18,Loss
3817901,Jamshedpur,Mumbai City,2.6679623,2.5552192,0.11274314,10,Win
3817901,Mumbai City,Jamshedpur,2.5552192,2.6679623,0.11274314,17,Loss
3817902,East Bengal,Kerala Blasters,0.45181295,0.63555443,0.18374148,9,Loss
3817902,Kerala Blasters,East Bengal,0.63555443,0.45181295,0.18374148,15,Win
3825563,Atlético Madrid,Las Palmas,0.53948563,0.5002998,0.039185822,12,Win
3825563,Las Palmas,Atlético Madrid,0.5002998,0.53948563,0.039185822,7,Loss
3825582,Real Betis,Real Sociedad,0.52637047,0.6991743,0.17280382,9,Win
3825582,Real Sociedad,Real Betis,0.6991743,0.52637047,0.17280382,15,Loss
3825584,Granada,Villarreal,1.0278374,1.0602125,0.032375097,14,Loss
3825584,Villarreal,Granada,1.0602125,1.0278374,0.032375097,9,Win
3825586,Eibar,Málaga,0.84053254,1.0271351,0.18660259,7,Draw
3825586,Málaga,Eibar,1.0271351,0.84053254,0.18660259,10,Draw
3825596,RC Deportivo La Coruña,Sporting Gijón,1.0584085,0.9527419,0.10566658,20,Loss
3825596,Sporting Gijón,RC Deportivo La Coruña,0.9527419,1.0584085,0.10566658,5,Win
3825600,Málaga,Villarreal,0.83844686,0.9097705,0.07132363,15,Loss
3825600,Villarreal,Málaga,0.9097705,0.83844686,0.07132363,9,Win
3825607,Atlético Madrid,Villarreal,0.6046038,0.6689064,0.06430256,10,Loss
3825607,Villarreal,Atlético Madrid,0.6689064,0.6046038,0.06430256,5,Win
3825608,Celta Vigo,Eibar,1.2943089,1.4777197,0.18341076,9,Draw
3825608,Eibar,Celta Vigo,1.4777197,1.2943089,0.18341076,11,Draw
3825610,Real Betis,Sporting Gijón,1.4019163,1.6679051,0.26598883,13,Win
3825610,Sporting Gijón,Real Betis,1.6679051,1.4019163,0.26598883,19,Loss
3825613,Celta Vigo,Getafe,1.4733588,1.518238,0.044879198,18,Draw
3825613,Getafe,Celta Vigo,1.518238,1.4733588,0.044879198,9,Draw
3825615,Espanyol,Sporting Gijón,1.5963838,1.4802752,0.116108656,12,Loss
3825615,Sporting Gijón,Espanyol,1.4802752,1.5963838,0.116108656,12,Win
3825618,Eibar,Las Palmas,1.3774934,1.2518021,0.1256913,9,Win
3825618,Las Palmas,Eibar,1.2518021,1.3774934,0.1256913,18,Loss
3825623,Málaga,Valencia,1.6186792,1.6013684,0.017310739,10,Loss
3825623,Valencia,Málaga,1.6013684,1.6186792,0.017310739,7,Win
3825625,Levante UD,Real Madrid,1.4964526,1.453092,0.04336059,17,Loss
3825625,Real Madrid,Levante UD,1.453092,1.4964526,0.04336059,21,Win
3825634,Granada,Real Betis,1.382441,1.1493036,0.23313749,17,Draw
3825634,Real Betis,Granada,1.1493036,1.382441,0.23313749,8,Draw
3825636,Málaga,RC Deportivo La Coruña,0.5154553,0.6502555,0.1348002,9,Win
3825636,RC Deportivo La Coruña,Málaga,0.6502555,0.5154553,0.1348002,10,Loss
3825639,Las Palmas,Villarreal,0.29886565,0.3177662,0.018900543,7,Draw
3825639,Villarreal,Las Palmas,0.3177662,0.29886565,0.018900543,5,Draw
3825644,Celta Vigo,Real Sociedad,1.2251599,1.3751928,0.15003288,16,Win
3825644,Real Sociedad,Celta Vigo,1.3751928,1.2251599,0.15003288,21,Loss
3825652,Las Palmas,Real Sociedad,0.9752838,0.7542417,0.2210421,9,Win
3825652,Real Sociedad,Las Palmas,0.7542417,0.9752838,0.2210421,11,Loss
3825654,Celta Vigo,Valencia,1.3570869,1.6566331,0.29954624,17,Loss
3825654,Valencia,Celta Vigo,1.6566331,1.3570869,0.29954624,9,Win
3825657,Málaga,Real Betis,0.80533594,0.79289496,0.0124409795,12,Loss
3825657,Real Betis,Málaga,0.79289496,0.80533594,0.0124409795,7,Win
3825659,Athletic Club,Espanyol,0.5184591,0.461123,0.057336092,8,Win
3825659,Espanyol,Athletic Club,0.461123,0.5184591,0.057336092,5,Loss
3825662,Celta Vigo,RC Deportivo La Coruña,1.1352651,1.0777102,0.05755496,7,Loss
3825662,RC Deportivo La Coruña,Celta Vigo,1.0777102,1.1352651,0.05755496,5,Win
3825663,Espanyol,Málaga,0.8744822,1.1694596,0.29497737,8,Win
3825663,Málaga,Espanyol,1.1694596,0.8744822,0.29497737,15,Loss
3825664,Real Sociedad,Sevilla,0.9950297,1.0973058,0.10227609,14,Win
3825664,Sevilla,Real Sociedad,1.0973058,0.9950297,0.10227609,13,Loss
3825668,Levante UD,Sporting Gijón,2.2970495,2.4045935,0.107543945,13,Win
3825668,Sporting Gijón,Levante UD,2.4045935,2.2970495,0.107543945,14,Loss
3825686,Athletic Club,Málaga,0.64945394,0.5636611,0.08579284,11,Draw
3825686,Málaga,Athletic Club,0.5636611,0.64945394,0.08579284,7,Draw
3825687,Espanyol,Levante UD,0.9398355,0.9899696,0.050134122,9,Draw
3825687,Levante UD,Espanyol,0.9899696,0.9398355,0.050134122,12,Draw
3825696,Málaga,Rayo Vallecano,1.0539553,1.0086331,0.04532218,15,Win
3825696,Rayo Vallecano,Málaga,1.0086331,1.0539553,0.04532218,13,Loss
3825702,Real Sociedad,Villarreal,1.1530495,0.9995675,0.15348196,17,Loss
3825702,Villarreal,Real Sociedad,0.9995675,1.1530495,0.15348196,7,Win
3825713,Valencia,Villarreal,0.53326946,0.34896934,0.18430012,6,Loss
3825713,Villarreal,Valencia,0.34896934,0.53326946,0.18430012,9,Win
3825716,Rayo Vallecano,Real Sociedad,1.003413,0.84461373,0.15879923,13,Draw
3825716,Real Sociedad,Rayo Vallecano,0.84461373,1.003413,0.15879923,15,Draw
3825725,Getafe,Real Betis,0.73568875,0.66803145,0.06765729,9,Win
3825725,Real Betis,Getafe,0.66803145,0.73568875,0.06765729,11,Loss
3825733,Málaga,Sevilla,1.1897755,1.0289949,0.16078055,14,Loss
3825733,Sevilla,Málaga,1.0289949,1.1897755,0.16078055,8,Win
3825735,Real Betis,Villarreal,0.5585656,0.79390544,0.23533982,15,Draw
3825735,Villarreal,Real Betis,0.79390544,0.5585656,0.23533982,9,Draw
3825744,Espanyol,Villarreal,1.0577397,1.0703167,0.012576938,11,Draw
3825744,Villarreal,Espanyol,1.0703167,1.0577397,0.012576938,14,Draw
3825745,RC Deportivo La Coruña,Valencia,1.1015695,0.97324145,0.12832808,8,Draw
3825745,Valencia,RC Deportivo La Coruña,0.97324145,1.1015695,0.12832808,10,Draw
3825751,Athletic Club,Getafe,1.4582571,1.4116641,0.04659295,14,Win
3825751,Getafe,Athletic Club,1.4116641,1.4582571,0.04659295,11,Loss
3825758,RC Deportivo La Coruña,Rayo Vallecano,1.2376657,1.4937751,0.25610948,17,Draw
3825758,Rayo Vallecano,RC Deportivo La Coruña,1.4937751,1.2376657,0.25610948,7,Draw
3825766,Real Betis,Valencia,1.0318981,1.0208598,0.011038303,6,Win
3825766,Valencia,Real Betis,1.0208598,1.0318981,0.011038303,7,Loss
3825768,Rayo Vallecano,Sporting Gijón,1.5120548,1.7252482,0.21319342,16,Draw
3825768,Sporting Gijón,Rayo Vallecano,1.7252482,1.5120548,0.21319342,11,Draw
3825770,Athletic Club,Real Madrid,1.6806679,1.8690232,0.18835533,11,Loss
3825770,Real Madrid,Athletic Club,1.8690232,1.6806679,0.18835533,19,Win
3825777,Getafe,Levante UD,1.7414469,1.8737793,0.13233244,14,Loss
3825777,Levante UD,Getafe,1.8737793,1.7414469,0.13233244,12,Win
3825783,Athletic Club,Real Sociedad,0.7993005,0.6329353,0.1663652,10,Loss
3825783,Real Sociedad,Athletic Club,0.6329353,0.7993005,0.1663652,9,Win
3825785,Málaga,Real Madrid,1.5647032,1.5978885,0.033185244,11,Draw
3825785,Real Madrid,Málaga,1.5978885,1.5647032,0.033185244,14,Draw
3825787,Atlético Madrid,Real Madrid,0.74794924,0.8039349,0.05598563,10,Win
3825787,Real Madrid,Atlético Madrid,0.8039349,0.74794924,0.05598563,15,Loss
3825800,Celta Vigo,Villarreal,0.6431967,0.6457293,0.0025326014,11,Draw
3825800,Villarreal,Celta Vigo,0.6457293,0.6431967,0.0025326014,6,Draw
3825802,Espanyol,Real Betis,1.3155342,1.2493929,0.06614137,19,Loss
3825802,Real Betis,Espanyol,1.2493929,1.3155342,0.06614137,9,Win
3825809,Granada,Real Betis,0.43056735,0.6614255,0.23085812,10,Loss
3825809,Real Betis,Granada,0.6614255,0.43056735,0.23085812,11,Win
3825815,Levante UD,Valencia,0.9902488,0.73152125,0.25872755,14,Win
3825815,Valencia,Levante UD,0.73152125,0.9902488,0.25872755,6,Loss
3825826,Granada,Málaga,0.77440256,0.90055466,0.1261521,8,Draw
3825826,Málaga,Granada,0.90055466,0.77440256,0.1261521,9,Draw
3825828,Atlético Madrid,Espanyol,0.96074563,0.73948103,0.2212646,14,Win
3825828,Espanyol,Atlético Madrid,0.73948103,0.96074563,0.2212646,10,Loss
3825839,Sevilla,Sporting Gijón,1.8022383,1.5640574,0.238181,18,Loss
3825839,Sporting Gijón,Sevilla,1.5640574,1.8022383,0.238181,14,Win
3825843,Málaga,Rayo Vallecano,0.9881432,0.7130141,0.27512908,12,Draw
3825843,Rayo Vallecano,Málaga,0.7130141,0.9881432,0.27512908,11,Draw
3825847,Eibar,RC Deportivo La Coruña,0.55932105,0.3913679,0.16795313,9,Draw
3825847,RC Deportivo La Coruña,Eibar,0.3913679,0.55932105,0.16795313,9,Draw
3825848,Eibar,Levante UD,0.9857057,0.7354492,0.25025648,10,Draw
3825848,Levante UD,Eibar,0.7354492,0.9857057,0.25025648,12,Draw
3825849,Real Sociedad,Valencia,1.0395007,0.80704534,0.23245537,15,Win
3825849,Valencia,Real Sociedad,0.80704534,1.0395007,0.23245537,8,Loss
3825851,RC Deportivo La Coruña,Villarreal,0.44321513,0.6344701,0.19125497,8,Win
3825851,Villarreal,RC Deportivo La Coruña,0.6344701,0.44321513,0.19125497,11,Loss
3825859,Granada,Las Palmas,1.3984104,1.308256,0.09015441,14,Win
3825859,Las Palmas,Granada,1.308256,1.3984104,0.09015441,11,Loss
3825861,Rayo Vallecano,Real Sociedad,1.2936503,1.3381182,0.044467926,17,Loss
3825861,Real Sociedad,Rayo Vallecano,1.3381182,1.2936503,0.044467926,12,Win
3825866,Athletic Club,Las Palmas,0.3817546,0.18682891,0.1949257,9,Draw
3825866,Las Palmas,Athletic Club,0.18682891,0.3817546,0.1949257,4,Draw
3825875,Real Sociedad,Villarreal,0.6385189,0.49724233,0.1412766,7,Draw
3825875,Villarreal,Real Sociedad,0.49724233,0.6385189,0.1412766,8,Draw
3825878,Atlético Madrid,Rayo Vallecano,0.7438624,0.7872316,0.043369234,12,Win
3825878,Rayo Vallecano,Atlético Madrid,0.7872316,0.7438624,0.043369234,13,Loss
3825881,Espanyol,Granada,0.66141844,0.40415272,0.25726572,10,Draw
3825881,Granada,Espanyol,0.40415272,0.66141844,0.25726572,8,Draw
3825888,Las Palmas,Valencia,1.6347073,1.5161227,0.11858463,18,Draw
3825888,Valencia,Las Palmas,1.5161227,1.6347073,0.11858463,9,Draw
3825894,Getafe,RC Deportivo La Coruña,0.8519139,0.660837,0.19107693,9,Win
3825894,RC Deportivo La Coruña,Getafe,0.660837,0.8519139,0.19107693,15,Loss
3825901,Real Madrid,Valencia,2.108464,1.8298262,0.27863777,15,Win
3825901,Valencia,Real Madrid,1.8298262,2.108464,0.27863777,17,Loss
3825902,Levante UD,Rayo Vallecano,1.6027164,1.8556902,0.2529738,11,Loss
3825902,Rayo Vallecano,Levante UD,1.8556902,1.6027164,0.2529738,19,Win
3825908,Eibar,Espanyol,2.1125362,2.1673005,0.05476427,13,Loss
3825908,Espanyol,Eibar,2.1673005,2.1125362,0.05476427,10,Win
3827337,Jamshedpur,Kerala Blasters,0.58024496,0.5551661,0.025078833,6,Loss
3827337,Kerala Blasters,Jamshedpur,0.5551661,0.58024496,0.025078833,6,Win
3829415,Bastia,Rennes,0.54230994,0.5877839,0.045473933,11,Win
3829415,Rennes,Bastia,0.5877839,0.54230994,0.045473933,6,Loss
3829418,Guingamp,Nantes,0.2876445,0.34759748,0.059952974,10,Loss
3829418,Nantes,Guingamp,0.34759748,0.2876445,0.059952974,10,Win
3829421,Saint-Étienne,Toulouse,0.625054,0.41296077,0.21209323,12,Loss
3829421,Toulouse,Saint-Étienne,0.41296077,0.625054,0.21209323,9,Win
3829425,Angers,Nantes,0.26128864,0.063407555,0.19788109,10,Draw
3829425,Nantes,Angers,0.063407555,0.26128864,0.19788109,2,Draw
3829426,Guingamp,Lyon,0.79078853,0.6175858,0.17320275,11,Loss
3829426,Lyon,Guingamp,0.6175858,0.79078853,0.17320275,11,Win
3829428,Caen,Toulouse,1.1925194,1.2694988,0.0769794,9,Win
3829428,Toulouse,Caen,1.2694988,1.1925194,0.0769794,13,Loss
3829431,Bastia,Lorient,1.6653355,1.519248,0.14608753,7,Draw
3829431,Lorient,Bastia,1.519248,1.6653355,0.14608753,12,Draw
3829435,Lyon,Rennes,0.701696,0.5137562,0.18793976,15,Loss
3829435,Rennes,Lyon,0.5137562,0.701696,0.18793976,6,Win
3829437,Angers,Gazélec Ajaccio,0.7504649,0.7755946,0.025129676,10,Win
3829437,Gazélec Ajaccio,Angers,0.7755946,0.7504649,0.025129676,8,Loss
3829438,Caen,OGC Nice,1.0263855,0.7632426,0.26314294,12,Loss
3829438,OGC Nice,Caen,0.7632426,1.0263855,0.26314294,7,Win
3829444,Caen,Lyon,1.0034062,1.1021527,0.09874654,13,Loss
3829444,Lyon,Caen,1.1021527,1.0034062,0.09874654,13,Win
3829446,Montpellier,Troyes,0.5608591,0.6946219,0.13376284,12,Draw
3829446,Troyes,Montpellier,0.6946219,0.5608591,0.13376284,8,Draw
3829453,Bordeaux,Paris Saint-Germain,1.461271,1.4590034,0.002267599,11,Draw
3829453,Paris Saint-Germain,Bordeaux,1.4590034,1.461271,0.002267599,19,Draw
3829454,Lille,Lyon,0.5750795,0.8124459,0.23736638,10,Draw
3829454,Lyon,Lille,0.8124459,0.5750795,0.23736638,13,Draw
3829456,Angers,Lorient,0.88277286,0.87934995,0.003422916,7,Loss
3829456,Lorient,Angers,0.87934995,0.88277286,0.003422916,14,Win
3829457,Montpellier,Saint-Étienne,1.0637618,1.3138735,0.2501117,17,Loss
3829457,Saint-Étienne,Montpellier,1.3138735,1.0637618,0.2501117,12,Win
3829468,Gazélec Ajaccio,Guingamp,0.74543643,1.0299124,0.28447592,7,Loss
3829468,Guingamp,Gazélec Ajaccio,1.0299124,0.74543643,0.28447592,16,Win
3829479,Caen,Lorient,1.0165707,1.2514722,0.23490155,15,Loss
3829479,Lorient,Caen,1.2514722,1.0165707,0.23490155,8,Win
3829506,Guingamp,Lille,0.5171671,0.7505493,0.23338223,9,Draw
3829506,Lille,Guingamp,0.7505493,0.5171671,0.23338223,10,Draw
3829513,Caen,Nantes,1.2545823,1.346419,0.09183669,17,Loss
3829513,Nantes,Caen,1.346419,1.2545823,0.09183669,10,Win
3829515,Bastia,Montpellier,0.7182107,0.5357015,0.18250918,13,Loss
3829515,Montpellier,Bastia,0.5357015,0.7182107,0.18250918,10,Win
3829516,Lorient,Rennes,0.97169054,0.8427783,0.12891221,10,Draw
3829516,Rennes,Lorient,0.8427783,0.97169054,0.12891221,11,Draw
3829520,AS Monaco,Stade de Reims,1.2336396,1.0709864,0.16265321,16,Win
3829520,Stade de Reims,AS Monaco,1.0709864,1.2336396,0.16265321,13,Loss
3829521,Bordeaux,Troyes,0.8519744,0.9309872,0.07901275,15,Win
3829521,Troyes,Bordeaux,0.9309872,0.8519744,0.07901275,11,Loss
3835332,Netherlands Women's,Portugal Women's,1.3688623,1.2374308,0.13143146,18,Win
3835332,Portugal Women's,Netherlands Women's,1.2374308,1.3688623,0.13143146,10,Loss
3835334,Iceland Women's,Italy Women's,1.297178,1.1555974,0.14158058,10,Draw
3835334,Italy Women's,Iceland Women's,1.1555974,1.297178,0.14158058,21,Draw
3835337,Denmark Women's,Spain Women's,0.7739588,0.8511761,0.07721728,9,Loss
3835337,Spain Women's,Denmark Women's,0.8511761,0.7739588,0.07721728,15,Win
3837839,Paris Saint-Germain,Stade de Reims,1.719714,1.9074428,0.18772876,12,Draw
3837839,Stade de Reims,Paris Saint-Germain,1.9074428,1.719714,0.18772876,17,Draw
3837918,Paris Saint-Germain,Rennes,1.5896716,1.3586413,0.23103034,17,Loss
3837918,Rennes,Paris Saint-Germain,1.3586413,1.5896716,0.23103034,10,Win
3837947,Lens,Paris Saint-Germain,1.7146206,1.5001256,0.21449494,14,Loss
3837947,Paris Saint-Germain,Lens,1.5001256,1.7146206,0.21449494,15,Win
3844384,England Women's,Spain Women's,1.0743903,1.1360266,0.06163633,10,Win
3844384,Spain Women's,England Women's,1.1360266,1.0743903,0.06163633,18,Loss
3845507,France Women's,Germany Women's,0.63076055,0.8625591,0.23179853,14,Loss
3845507,Germany Women's,France Women's,0.8625591,0.63076055,0.23179853,11,Win
3847567,England Women's,Germany Women's,1.680991,1.7584671,0.077476025,13,Win
3847567,Germany Women's,England Women's,1.7584671,1.680991,0.077476025,15,Loss
3857257,Australia,Denmark,0.46972337,0.73715466,0.2674313,8,Win
3857257,Denmark,Australia,0.73715466,0.46972337,0.2674313,14,Loss
3857270,Portugal,Uruguay,1.213734,1.216681,0.0029469728,15,Win
3857270,Uruguay,Portugal,1.216681,1.213734,0.0029469728,11,Loss
3857272,England,United States,0.46063834,0.514287,0.05364865,8,Draw
3857272,United States,England,0.514287,0.46063834,0.05364865,10,Draw
3857275,France,Tunisia,0.4769894,0.298347,0.17864239,10,Loss
3857275,Tunisia,France,0.298347,0.4769894,0.17864239,5,Win
3857278,Iran,United States,0.92078996,1.1696546,0.24886465,4,Loss
3857278,United States,Iran,1.1696546,0.92078996,0.24886465,12,Win
3857287,South Korea,Uruguay,0.49299255,0.41729432,0.07569823,7,Draw
3857287,Uruguay,South Korea,0.41729432,0.49299255,0.07569823,10,Draw
3857289,Argentina,Mexico,0.32520413,0.20639166,0.11881247,5,Win
3857289,Mexico,Argentina,0.20639166,0.32520413,0.11881247,4,Loss
3857293,Ghana,Uruguay,1.3926941,1.6365584,0.2438643,9,Loss
3857293,Uruguay,Ghana,1.6365584,1.3926941,0.2438643,12,Win
3857297,Poland,Saudi Arabia,1.7341725,1.9719765,0.23780406,9,Win
3857297,Saudi Arabia,Poland,1.9719765,1.7341725,0.23780406,17,Loss
3857299,Ghana,South Korea,1.1805358,1.3677928,0.18725705,7,Win
3857299,South Korea,Ghana,1.3677928,1.1805358,0.18725705,21,Loss
3857301,Qatar,Senegal,0.96008617,0.9029646,0.057121575,10,Loss
3857301,Senegal,Qatar,0.9029646,0.96008617,0.057121575,12,Win
3869117,Netherlands,United States,1.4819481,1.6520976,0.17014945,11,Win
3869117,United States,Netherlands,1.6520976,1.4819481,0.17014945,18,Loss
3869118,England,Senegal,1.0200235,0.9728064,0.04721707,8,Win
3869118,Senegal,England,0.9728064,1.0200235,0.04721707,10,Loss
3869219,Croatia,Japan,3.9883976,4.2029767,0.2145791,21,Draw
3869219,Japan,Croatia,4.2029767,3.9883976,0.2145791,17,Draw
3869486,Morocco,Portugal,0.9720229,0.7441207,0.22790217,9,Win
3869486,Portugal,Morocco,0.7441207,0.9720229,0.22790217,12,Loss
3869684,Croatia,Morocco,0.849269,0.99145716,0.14218819,12,Win
3869684,Morocco,Croatia,0.99145716,0.849269,0.14218819,9,Loss
3877060,Inter Miami,New York Red Bulls,1.3837819,1.1085987,0.2751832,6,Win
3877060,New York Red Bulls,Inter Miami,1.1085987,1.3837819,0.2751832,13,Loss
3877072,Inter Miami,Nashville SC,0.66662693,0.5504003,0.11622661,13,Draw
3877072,Nashville SC,Inter Miami,0.5504003,0.66662693,0.11622661,7,Draw
3877090,Inter Miami,LAFC,1.7875688,1.8658696,0.07830083,9,Win
3877090,LAFC,Inter Miami,1.8658696,1.7875688,0.07830083,22,Loss
3877115,Inter Miami,Toronto FC,1.0278976,0.7802011,0.24769652,13,Win
3877115,Toronto FC,Inter Miami,0.7802011,1.0278976,0.24769652,8,Loss
3877194,Charlotte,Inter Miami,0.9843875,1.1023064,0.11791885,11,Win
3877194,Inter Miami,Charlotte,1.1023064,0.9843875,0.11791885,11,Loss
3878541,AS Roma,Hellas Verona,1.1142521,1.0052913,0.10896075,21,Draw
3878541,Hellas Verona,AS Roma,1.0052913,1.1142521,0.10896075,12,Draw
3878551,AC Milan,Empoli,0.81729394,0.98397136,0.16667742,6,Win
3878551,Empoli,AC Milan,0.98397136,0.81729394,0.16667742,19,Loss
3878555,AS Roma,Juventus,1.2035307,1.0248959,0.17863476,18,Win
3878555,Juventus,AS Roma,1.0248959,1.2035307,0.17863476,10,Loss
3878556,Fiorentina,Torino,0.6382041,0.6165524,0.021651685,8,Loss
3878556,Torino,Fiorentina,0.6165524,0.6382041,0.021651685,10,Win
3878592,Fiorentina,Genoa,0.88803536,1.1063516,0.21831626,11,Win
3878592,Genoa,Fiorentina,1.1063516,0.88803536,0.21831626,13,Loss
3878595,Lazio,Udinese,0.8070049,0.8202029,0.0131979585,15,Win
3878595,Udinese,Lazio,0.8202029,0.8070049,0.0131979585,11,Loss
3878596,Hellas Verona,Torino,1.6922357,1.5073755,0.18486023,12,Draw
3878596,Torino,Hellas Verona,1.5073755,1.6922357,0.18486023,10,Draw
3878597,Empoli,Napoli,1.2064192,1.1189045,0.08751476,16,Draw
3878597,Napoli,Empoli,1.1189045,1.2064192,0.08751476,18,Draw
3878599,Atalanta,Sassuolo,1.2017635,1.389637,0.18787348,9,Draw
3878599,Sassuolo,Atalanta,1.389637,1.2017635,0.18787348,10,Draw
3878600,AC Milan,Inter Milan,1.067549,1.1847993,0.11725032,20,Loss
3878600,Inter Milan,AC Milan,1.1847993,1.067549,0.11725032,16,Win
3878602,AC Milan,Palermo,1.0198057,1.1645111,0.14470541,18,Win
3878602,Palermo,AC Milan,1.1645111,1.0198057,0.14470541,13,Loss
3878603,Empoli,Udinese,0.65700835,0.83168894,0.17468059,12,Win
3878603,Udinese,Empoli,0.83168894,0.65700835,0.17468059,8,Loss
3878610,Atalanta,Hellas Verona,0.75254583,0.8043509,0.05180508,15,Draw
3878610,Hellas Verona,Atalanta,0.8043509,0.75254583,0.05180508,10,Draw
3878611,Chievo,Inter Milan,0.87093765,0.93819153,0.06725389,15,Loss
3878611,Inter Milan,Chievo,0.93819153,0.87093765,0.06725389,14,Win
3879546,Atalanta,Empoli,0.40051904,0.41742006,0.016901016,13,Win
3879546,Empoli,Atalanta,0.41742006,0.40051904,0.016901016,10,Loss
3879549,AC Milan,Genoa,0.8719605,0.9029461,0.030985594,12,Loss
3879549,Genoa,AC Milan,0.9029461,0.8719605,0.030985594,11,Win
3879554,Palermo,Torino,0.6226448,0.7191604,0.096515596,11,Loss
3879554,Torino,Palermo,0.7191604,0.6226448,0.096515596,10,Win
3879557,Chievo,Hellas Verona,1.5185376,1.3218997,0.19663799,17,Draw
3879557,Hellas Verona,Chievo,1.3218997,1.5185376,0.19663799,10,Draw
3879569,Bologna,Palermo,1.635735,1.6426785,0.0069434643,17,Loss
3879569,Palermo,Bologna,1.6426785,1.635735,0.0069434643,11,Win
3879589,Carpi,Frosinone,0.7956966,0.8194264,0.023729801,12,Loss
3879589,Frosinone,Carpi,0.8194264,0.7956966,0.023729801,8,Win
3879590,Genoa,Torino,1.3682845,1.6167543,0.24846983,10,Draw
3879590,Torino,Genoa,1.6167543,1.3682845,0.24846983,16,Draw
3879591,Juventus,Sassuolo,0.5275934,0.24639922,0.28119415,14,Loss
3879591,Sassuolo,Juventus,0.24639922,0.5275934,0.28119415,7,Win
3879596,Empoli,Sampdoria,0.71391857,0.89808387,0.1841653,17,Draw
3879596,Sampdoria,Empoli,0.89808387,0.71391857,0.1841653,14,Draw
3879601,Atalanta,Bologna,1.24097,1.4485866,0.20761657,11,Loss
3879601,Bologna,Atalanta,1.4485866,1.24097,0.20761657,10,Win
3879605,Empoli,Palermo,0.94884557,0.8635525,0.085293055,14,Win
3879605,Palermo,Empoli,0.8635525,0.94884557,0.085293055,15,Loss
3879606,Chievo,Sampdoria,1.1778991,1.074111,0.10378814,15,Draw
3879606,Sampdoria,Chievo,1.074111,1.1778991,0.10378814,10,Draw
3879619,Genoa,Sassuolo,0.7778795,0.7855221,0.0076426268,14,Win
3879619,Sassuolo,Genoa,0.7855221,0.7778795,0.0076426268,10,Loss
3879622,Carpi,Chievo,1.0169414,0.7913974,0.22554404,19,Loss
3879622,Chievo,Carpi,0.7913974,1.0169414,0.22554404,9,Win
3879625,Sampdoria,Udinese,0.5053055,0.6833462,0.17804068,10,Loss
3879625,Udinese,Sampdoria,0.6833462,0.5053055,0.17804068,10,Win
3879631,Chievo,Udinese,1.6994278,1.8016878,0.10225999,13,Loss
3879631,Udinese,Chievo,1.8016878,1.6994278,0.10225999,16,Win
3879635,Inter Milan,Napoli,0.78059006,0.9915561,0.21096605,12,Loss
3879635,Napoli,Inter Milan,0.9915561,0.78059006,0.21096605,12,Win
3879637,Juventus,Lazio,0.23399885,0.42823538,0.19423653,7,Win
3879637,Lazio,Juventus,0.42823538,0.23399885,0.19423653,11,Loss
3879640,Chievo,Frosinone,1.1120147,0.8488754,0.26313925,10,Win
3879640,Frosinone,Chievo,0.8488754,1.1120147,0.26313925,14,Loss
3879645,Bologna,Napoli,1.5777557,1.6827846,0.10502887,11,Win
3879645,Napoli,Bologna,1.6827846,1.5777557,0.10502887,16,Loss
3879650,Carpi,Empoli,1.1278813,0.95624894,0.17163235,15,Loss
3879650,Empoli,Carpi,0.95624894,1.1278813,0.17163235,13,Win
3879655,Lazio,Sampdoria,0.78386074,0.6981247,0.08573604,14,Draw
3879655,Sampdoria,Lazio,0.6981247,0.78386074,0.08573604,11,Draw
3879663,Hellas Verona,Sassuolo,1.297654,1.178876,0.11877799,11,Draw
3879663,Sassuolo,Hellas Verona,1.178876,1.297654,0.11877799,16,Draw
3879669,Napoli,Torino,0.9858192,1.1585381,0.17271888,17,Win
3879669,Torino,Napoli,1.1585381,0.9858192,0.17271888,9,Loss
3879674,AC Milan,Bologna,1.9329529,1.7000014,0.23295152,19,Loss
3879674,Bologna,AC Milan,1.7000014,1.9329529,0.23295152,9,Win
3879681,Inter Milan,Sassuolo,1.8346721,1.7217855,0.11288655,22,Loss
3879681,Sassuolo,Inter Milan,1.7217855,1.8346721,0.11288655,15,Win
3879689,Carpi,Sampdoria,1.7782136,1.4999961,0.27821755,9,Win
3879689,Sampdoria,Carpi,1.4999961,1.7782136,0.27821755,12,Loss
3879690,AC Milan,Fiorentina,1.2965012,1.3175136,0.021012425,4,Win
3879690,Fiorentina,AC Milan,1.3175136,1.2965012,0.021012425,15,Loss
3879697,Atalanta,Frosinone,1.0545183,0.8268796,0.22763872,18,Draw
3879697,Frosinone,Atalanta,0.8268796,1.0545183,0.22763872,11,Draw
3879698,AC Milan,Empoli,1.220143,1.2032402,0.016902804,10,Draw
3879698,Empoli,AC Milan,1.2032402,1.220143,0.016902804,16,Draw
3879712,AC Milan,Inter Milan,1.9062891,1.6719481,0.23434103,14,Win
3879712,Inter Milan,AC Milan,1.6719481,1.9062891,0.23434103,12,Loss
3879717,AS Roma,Sassuolo,1.8789046,1.7356404,0.14326417,13,Win
3879717,Sassuolo,AS Roma,1.7356404,1.8789046,0.14326417,18,Loss
3879722,Atalanta,Hellas Verona,1.8993104,1.799408,0.09990239,18,Loss
3879722,Hellas Verona,Atalanta,1.799408,1.8993104,0.09990239,13,Win
3879727,Genoa,Lazio,0.42706078,0.54361624,0.11655545,6,Draw
3879727,Lazio,Genoa,0.54361624,0.42706078,0.11655545,10,Draw
3879728,Bologna,Fiorentina,0.82321715,0.92653733,0.10332018,12,Draw
3879728,Fiorentina,Bologna,0.92653733,0.82321715,0.10332018,12,Draw
3879732,Chievo,Torino,1.0972748,0.91136616,0.18590862,8,Win
3879732,Torino,Chievo,0.91136616,1.0972748,0.18590862,12,Loss
3879735,Atalanta,Empoli,0.79094005,0.52095485,0.2699852,11,Draw
3879735,Empoli,Atalanta,0.52095485,0.79094005,0.2699852,9,Draw
3879739,Juventus,Napoli,0.49266794,0.24513835,0.2475296,12,Win
3879739,Napoli,Juventus,0.24513835,0.49266794,0.2475296,8,Loss
3879749,Inter Milan,Sampdoria,1.090096,0.8814554,0.20864058,8,Win
3879749,Sampdoria,Inter Milan,0.8814554,1.090096,0.20864058,19,Loss
3879752,Genoa,Udinese,2.2274475,1.9505124,0.2769351,22,Win
3879752,Udinese,Genoa,1.9505124,2.2274475,0.2769351,13,Loss
3879755,Frosinone,Lazio,0.6455556,0.71413726,0.06858164,9,Draw
3879755,Lazio,Frosinone,0.71413726,0.6455556,0.06858164,18,Draw
3879765,Fiorentina,Napoli,0.7527269,0.8349709,0.08224398,12,Draw
3879765,Napoli,Fiorentina,0.8349709,0.7527269,0.08224398,6,Draw
3879771,AC Milan,Sassuolo,0.992394,1.0859795,0.09358549,14,Loss
3879771,Sassuolo,AC Milan,1.0859795,0.992394,0.09358549,15,Win
3879775,Empoli,Genoa,1.2902669,1.3385855,0.048318624,10,Loss
3879775,Genoa,Empoli,1.3385855,1.2902669,0.048318624,15,Win
3879780,Fiorentina,Hellas Verona,0.692801,0.58804417,0.10475683,10,Draw
3879780,Hellas Verona,Fiorentina,0.58804417,0.692801,0.10475683,12,Draw
3879785,Atalanta,Lazio,0.8766948,0.96707636,0.09038156,11,Loss
3879785,Lazio,Atalanta,0.96707636,0.8766948,0.09038156,5,Win
3879788,Empoli,Palermo,0.6348666,0.624301,0.010565579,12,Draw
3879788,Palermo,Empoli,0.624301,0.6348666,0.010565579,13,Draw
3879790,Juventus,Torino,1.392002,1.5293353,0.13733327,14,Win
3879790,Torino,Juventus,1.5293353,1.392002,0.13733327,10,Loss
3879795,Carpi,Hellas Verona,1.264532,1.038938,0.22559392,11,Win
3879795,Hellas Verona,Carpi,1.038938,1.264532,0.22559392,10,Loss
3879797,Carpi,Sassuolo,1.324155,1.4528009,0.1286459,11,Loss
3879797,Sassuolo,Carpi,1.4528009,1.324155,0.1286459,9,Win
3879801,Inter Milan,Torino,1.7584393,1.7561891,0.0022501945,12,Loss
3879801,Torino,Inter Milan,1.7561891,1.7584393,0.0022501945,13,Win
3879806,Bologna,Hellas Verona,0.6412351,0.4146437,0.22659141,9,Loss
3879806,Hellas Verona,Bologna,0.4146437,0.6412351,0.22659141,4,Win
3879815,Atalanta,Torino,0.7396456,0.64329016,0.09635544,16,Loss
3879815,Torino,Atalanta,0.64329016,0.7396456,0.09635544,5,Win
3879821,Fiorentina,Sassuolo,1.2142203,1.4883739,0.2741536,13,Win
3879821,Sassuolo,Fiorentina,1.4883739,1.2142203,0.2741536,9,Loss
3879828,AS Roma,Torino,2.2852018,2.052369,0.23283267,21,Win
3879828,Torino,AS Roma,2.052369,2.2852018,0.23283267,14,Loss
3879829,Empoli,Hellas Verona,2.3642075,2.1389945,0.22521305,12,Win
3879829,Hellas Verona,Empoli,2.1389945,2.3642075,0.22521305,22,Loss
3879830,Genoa,Inter Milan,1.1396724,1.0675635,0.072108865,16,Win
3879830,Inter Milan,Genoa,1.0675635,1.1396724,0.072108865,17,Loss
3879840,Bologna,Genoa,0.9241118,0.6468326,0.2772792,11,Win
3879840,Genoa,Bologna,0.6468326,0.9241118,0.2772792,5,Loss
3879841,Frosinone,Palermo,1.1099741,0.9024119,0.20756227,18,Loss
3879841,Palermo,Frosinone,0.9024119,1.1099741,0.20756227,7,Win
3879843,Sassuolo,Torino,0.87877905,1.0613555,0.18257642,12,Win
3879843,Torino,Sassuolo,1.0613555,0.87877905,0.18257642,16,Loss
3879847,Torino,Udinese,1.298292,1.3978068,0.09951472,15,Win
3879847,Udinese,Torino,1.3978068,1.298292,0.09951472,13,Loss
3879848,Chievo,Fiorentina,0.9088484,0.8908363,0.018012106,10,Draw
3879848,Fiorentina,Chievo,0.8908363,0.9088484,0.018012106,20,Draw
3879849,Bologna,Empoli,0.8637434,0.86966664,0.0059232116,16,Draw
3879849,Empoli,Bologna,0.86966664,0.8637434,0.0059232116,5,Draw
3879868,Inter Milan,Sassuolo,1.3774483,1.4379392,0.060490847,12,Loss
3879868,Sassuolo,Inter Milan,1.4379392,1.3774483,0.060490847,9,Win
3879871,Carpi,Udinese,1.3452834,1.3669252,0.02164185,10,Win
3879871,Udinese,Carpi,1.3669252,1.3452834,0.02164185,15,Loss
3879872,Bologna,Chievo,0.44861463,0.41969103,0.0289236,16,Draw
3879872,Chievo,Bologna,0.41969103,0.44861463,0.0289236,6,Draw
3879874,Fiorentina,Lazio,1.4847243,1.56069,0.07596576,16,Win
3879874,Lazio,Fiorentina,1.56069,1.4847243,0.07596576,16,Loss
3879875,Hellas Verona,Palermo,0.7337645,0.66821826,0.065546274,14,Loss
3879875,Palermo,Hellas Verona,0.66821826,0.7337645,0.065546274,5,Win
3888719,Brazil,Netherlands,0.9625695,0.7538893,0.20868015,14,Loss
3888719,Netherlands,Brazil,0.7538893,0.9625695,0.20868015,12,Win
3889082,Boca Juniors,River Plate,1.4757248,1.3828647,0.0928601,12,Win
3889082,River Plate,Boca Juniors,1.3828647,1.4757248,0.0928601,12,Loss
3889149,Argentina,Germany,1.3937601,1.3805774,0.01318264,11,Win
3889149,Germany,Argentina,1.3805774,1.3937601,0.01318264,11,Loss
3890262,Darmstadt 98,Hannover 96,1.7706305,1.6548696,0.11576092,11,Draw
3890262,Hannover 96,Darmstadt 98,1.6548696,1.7706305,0.11576092,14,Draw
3890263,FSV Mainz 05,Ingolstadt,0.6158129,0.74301654,0.12720364,11,Loss
3890263,Ingolstadt,FSV Mainz 05,0.74301654,0.6158129,0.12720364,14,Win
3890264,Schalke 04,Werder Bremen,1.2825285,0.986701,0.2958275,16,Win
3890264,Werder Bremen,Schalke 04,0.986701,1.2825285,0.2958275,15,Loss
3890266,FC Köln,VfB Stuttgart,2.2197084,2.380079,0.16037059,8,Win
3890266,VfB Stuttgart,FC Köln,2.380079,2.2197084,0.16037059,28,Loss
3890267,Eintracht Frankfurt,Wolfsburg,0.964066,0.9117987,0.052267313,13,Loss
3890267,Wolfsburg,Eintracht Frankfurt,0.9117987,0.964066,0.052267313,8,Win
3890268,Hertha Berlin,Werder Bremen,0.87496585,0.82974803,0.045217812,10,Draw
3890268,Werder Bremen,Hertha Berlin,0.82974803,0.87496585,0.045217812,9,Draw
3890272,Augsburg,Eintracht Frankfurt,1.2463897,1.3066812,0.06029141,14,Draw
3890272,Eintracht Frankfurt,Augsburg,1.3066812,1.2463897,0.06029141,11,Draw
3890276,Borussia Mönchengladbach,FSV Mainz 05,1.2665299,1.3246249,0.05809498,15,Loss
3890276,FSV Mainz 05,Borussia Mönchengladbach,1.3246249,1.2665299,0.05809498,12,Win
3890281,Augsburg,Ingolstadt,0.80815184,0.7613422,0.046809614,10,Loss
3890281,Ingolstadt,Augsburg,0.7613422,0.80815184,0.046809614,16,Win
3890290,Hertha Berlin,VfB Stuttgart,1.1530755,1.0504346,0.10264087,8,Win
3890290,VfB Stuttgart,Hertha Berlin,1.0504346,1.1530755,0.10264087,12,Loss
3890295,FSV Mainz 05,Hoffenheim,1.2786973,1.3896419,0.11094463,12,Win
3890295,Hoffenheim,FSV Mainz 05,1.3896419,1.2786973,0.11094463,13,Loss
3890300,Ingolstadt,Werder Bremen,1.3959783,1.4439282,0.04794991,13,Win
3890300,Werder Bremen,Ingolstadt,1.4439282,1.3959783,0.04794991,14,Loss
3890308,Augsburg,Borussia Mönchengladbach,1.9195094,1.7409304,0.17857897,11,Loss
3890308,Borussia Mönchengladbach,Augsburg,1.7409304,1.9195094,0.17857897,21,Win
3890311,Eintracht Frankfurt,Schalke 04,1.6636081,1.5849563,0.078651786,18,Loss
3890311,Schalke 04,Eintracht Frankfurt,1.5849563,1.6636081,0.078651786,13,Win
3890314,Augsburg,Hoffenheim,1.742847,1.5156541,0.22719288,26,Loss
3890314,Hoffenheim,Augsburg,1.5156541,1.742847,0.22719288,11,Win
3890320,Eintracht Frankfurt,Hertha Berlin,1.2828681,1.5529448,0.27007663,12,Draw
3890320,Hertha Berlin,Eintracht Frankfurt,1.5529448,1.2828681,0.27007663,15,Draw
3890327,Hoffenheim,VfB Stuttgart,1.5871102,1.7921675,0.20505738,11,Draw
3890327,VfB Stuttgart,Hoffenheim,1.7921675,1.5871102,0.20505738,18,Draw
3890328,FC Köln,Schalke 04,1.0826429,0.91591555,0.16672736,12,Win
3890328,Schalke 04,FC Köln,0.91591555,1.0826429,0.16672736,16,Loss
3890343,Hertha Berlin,Ingolstadt,0.8697406,0.87834615,0.00860554,5,Win
3890343,Ingolstadt,Hertha Berlin,0.87834615,0.8697406,0.00860554,19,Loss
3890345,Eintracht Frankfurt,Hannover 96,0.79151386,0.6500735,0.14144033,5,Win
3890345,Hannover 96,Eintracht Frankfurt,0.6500735,0.79151386,0.14144033,10,Loss
3890360,Darmstadt 98,Hamburger SV,1.1498306,1.3308113,0.18098068,15,Draw
3890360,Hamburger SV,Darmstadt 98,1.3308113,1.1498306,0.18098068,8,Draw
3890363,Borussia Mönchengladbach,Ingolstadt,0.96765614,0.87722075,0.090435386,11,Draw
3890363,Ingolstadt,Borussia Mönchengladbach,0.87722075,0.96765614,0.090435386,14,Draw
3890365,Borussia Dortmund,Schalke 04,1.6473117,1.4781,0.16921175,14,Win
3890365,Schalke 04,Borussia Dortmund,1.4781,1.6473117,0.16921175,9,Loss
3890377,Borussia Mönchengladbach,Hoffenheim,1.4351382,1.5327232,0.09758496,16,Draw
3890377,Hoffenheim,Borussia Mönchengladbach,1.5327232,1.4351382,0.09758496,18,Draw
3890379,Hamburger SV,Werder Bremen,1.2854824,1.1500279,0.13545454,13,Win
3890379,Werder Bremen,Hamburger SV,1.1500279,1.2854824,0.13545454,14,Loss
3890386,FSV Mainz 05,Hamburger SV,0.89521366,1.1246618,0.22944814,11,Win
3890386,Hamburger SV,FSV Mainz 05,1.1246618,0.89521366,0.22944814,20,Loss
3890390,Bayer Leverkusen,Hertha Berlin,0.9687379,1.0117748,0.043036878,7,Loss
3890390,Hertha Berlin,Bayer Leverkusen,1.0117748,0.9687379,0.043036878,10,Win
3890392,VfB Stuttgart,Werder Bremen,1.1219057,0.8722311,0.24967456,11,Draw
3890392,Werder Bremen,VfB Stuttgart,0.8722311,1.1219057,0.24967456,7,Draw
3890397,Hannover 96,Hoffenheim,1.4567733,1.3787731,0.07800019,19,Loss
3890397,Hoffenheim,Hannover 96,1.3787731,1.4567733,0.07800019,14,Win
3890400,FC Köln,Werder Bremen,1.263812,1.4364468,0.17263484,12,Draw
3890400,Werder Bremen,FC Köln,1.4364468,1.263812,0.17263484,10,Draw
3890402,Augsburg,Schalke 04,1.0337154,1.2225422,0.1888268,22,Win
3890402,Schalke 04,Augsburg,1.2225422,1.0337154,0.1888268,15,Loss
3890403,Hoffenheim,Schalke 04,0.8939998,0.98624253,0.09224272,18,Loss
3890403,Schalke 04,Hoffenheim,0.98624253,0.8939998,0.09224272,16,Win
3890408,VfB Stuttgart,Wolfsburg,1.4595464,1.4277418,0.03180468,9,Win
3890408,Wolfsburg,VfB Stuttgart,1.4277418,1.4595464,0.03180468,17,Loss
3890409,Bayer Leverkusen,Ingolstadt,0.7685838,0.7343144,0.034269392,9,Win
3890409,Ingolstadt,Bayer Leverkusen,0.7343144,0.7685838,0.034269392,12,Loss
3890414,Augsburg,Hertha Berlin,1.0285493,0.7666909,0.2618584,12,Draw
3890414,Hertha Berlin,Augsburg,0.7666909,1.0285493,0.2618584,12,Draw
3890432,Schalke 04,Wolfsburg,0.621452,0.740058,0.11860603,15,Win
3890432,Wolfsburg,Schalke 04,0.740058,0.621452,0.11860603,14,Loss
3890435,Borussia Dortmund,Hertha Berlin,0.48554397,0.704548,0.21900403,10,Draw
3890435,Hertha Berlin,Borussia Dortmund,0.704548,0.48554397,0.21900403,10,Draw
3890444,Bayer Leverkusen,Darmstadt 98,1.4332956,1.3372974,0.09599817,13,Win
3890444,Darmstadt 98,Bayer Leverkusen,1.3372974,1.4332956,0.09599817,14,Loss
3890451,Hertha Berlin,Wolfsburg,0.9771945,0.99884367,0.021649182,9,Draw
3890451,Wolfsburg,Hertha Berlin,0.99884367,0.9771945,0.021649182,13,Draw
3890454,Augsburg,Hannover 96,0.82553494,0.5866423,0.23889261,11,Win
3890454,Hannover 96,Augsburg,0.5866423,0.82553494,0.23889261,16,Loss
3890457,FC Köln,Hertha Berlin,0.87517923,0.88982475,0.014645517,14,Loss
3890457,Hertha Berlin,FC Köln,0.88982475,0.87517923,0.014645517,11,Win
3890458,Bayern Munich,Wolfsburg,1.0600785,0.9945159,0.065562606,14,Win
3890458,Wolfsburg,Bayern Munich,0.9945159,1.0600785,0.065562606,12,Loss
3890461,Hamburger SV,Ingolstadt,0.88153446,0.6712653,0.21026915,7,Draw
3890461,Ingolstadt,Hamburger SV,0.6712653,0.88153446,0.21026915,12,Draw
3890462,Augsburg,Borussia Mönchengladbach,1.6547861,1.7781866,0.12340045,24,Draw
3890462,Borussia Mönchengladbach,Augsburg,1.7781866,1.6547861,0.12340045,9,Draw
3890467,FC Köln,Ingolstadt,0.76311773,0.83180887,0.068691134,8,Draw
3890467,Ingolstadt,FC Köln,0.83180887,0.76311773,0.068691134,14,Draw
3890469,Augsburg,Hoffenheim,1.7155991,1.6637475,0.05185151,14,Loss
3890469,Hoffenheim,Augsburg,1.6637475,1.7155991,0.05185151,14,Win
3890474,Bayern Munich,FSV Mainz 05,0.91384035,0.8221055,0.09173483,17,Loss
3890474,FSV Mainz 05,Bayern Munich,0.8221055,0.91384035,0.09173483,5,Win
3890480,FC Köln,Schalke 04,1.8139287,1.9954085,0.18147981,16,Loss
3890480,Schalke 04,FC Köln,1.9954085,1.8139287,0.18147981,17,Win
3890482,Darmstadt 98,FSV Mainz 05,0.8400267,1.0493091,0.20928246,15,Draw
3890482,FSV Mainz 05,Darmstadt 98,1.0493091,0.8400267,0.20928246,11,Draw
3890484,Hertha Berlin,Schalke 04,1.5559613,1.3466243,0.209337,17,Win
3890484,Schalke 04,Hertha Berlin,1.3466243,1.5559613,0.209337,16,Loss
3890487,Augsburg,Darmstadt 98,1.352479,1.2422909,0.11018813,16,Draw
3890487,Darmstadt 98,Augsburg,1.2422909,1.352479,0.11018813,11,Draw
3890490,FC Köln,Hannover 96,1.052293,0.83876616,0.21352679,11,Win
3890490,Hannover 96,FC Köln,0.83876616,1.052293,0.21352679,17,Loss
3890492,Bayer Leverkusen,Hamburger SV,1.1164173,1.2839622,0.16754496,13,Win
3890492,Hamburger SV,Bayer Leverkusen,1.2839622,1.1164173,0.16754496,10,Loss
3890495,Bayern Munich,FC Köln,0.48915705,0.42936605,0.059791,6,Win
3890495,FC Köln,Bayern Munich,0.42936605,0.48915705,0.059791,6,Loss
3890496,Hertha Berlin,Ingolstadt,0.93300384,0.77607566,0.15692818,7,Win
3890496,Ingolstadt,Hertha Berlin,0.77607566,0.93300384,0.15692818,9,Loss
3890498,Darmstadt 98,Wolfsburg,1.2822282,1.268381,0.013847232,11,Draw
3890498,Wolfsburg,Darmstadt 98,1.268381,1.2822282,0.013847232,19,Draw
3890501,Augsburg,Borussia Dortmund,1.407555,1.5880136,0.18045866,7,Loss
3890501,Borussia Dortmund,Augsburg,1.5880136,1.407555,0.18045866,13,Win
3890502,Bayer Leverkusen,Wolfsburg,0.74936914,0.8896426,0.14027345,12,Win
3890502,Wolfsburg,Bayer Leverkusen,0.8896426,0.74936914,0.14027345,10,Loss
3890515,Darmstadt 98,Hamburger SV,0.83350205,0.7958294,0.03767264,9,Win
3890515,Hamburger SV,Darmstadt 98,0.7958294,0.83350205,0.03767264,10,Loss
3890516,Bayern Munich,VfB Stuttgart,0.71131533,0.97438955,0.26307422,13,Win
3890516,VfB Stuttgart,Bayern Munich,0.97438955,0.71131533,0.26307422,9,Loss
3890519,Bayer Leverkusen,FC Köln,0.9316172,0.8359123,0.09570491,12,Win
3890519,FC Köln,Bayer Leverkusen,0.8359123,0.9316172,0.09570491,17,Loss
3890521,Bayer Leverkusen,Eintracht Frankfurt,1.106188,1.0195333,0.08665478,12,Win
3890521,Eintracht Frankfurt,Bayer Leverkusen,1.0195333,1.106188,0.08665478,10,Loss
3890524,Hertha Berlin,Hoffenheim,1.4067067,1.3354563,0.07125044,10,Loss
3890524,Hoffenheim,Hertha Berlin,1.3354563,1.4067067,0.07125044,17,Win
3890527,FC Köln,FSV Mainz 05,1.2398226,1.3619374,0.12211478,12,Win
3890527,FSV Mainz 05,FC Köln,1.3619374,1.2398226,0.12211478,18,Loss
3890532,Hannover 96,Ingolstadt,0.921606,0.7326323,0.18897372,13,Draw
3890532,Ingolstadt,Hannover 96,0.7326323,0.921606,0.18897372,9,Draw
3890533,Bayern Munich,Hertha Berlin,0.33838174,0.34631744,0.007935703,6,Win
3890533,Hertha Berlin,Bayern Munich,0.34631744,0.33838174,0.007935703,8,Loss
3890535,Augsburg,Wolfsburg,1.3741928,1.1672573,0.20693552,8,Win
3890535,Wolfsburg,Augsburg,1.1672573,1.3741928,0.20693552,19,Loss
3890536,Borussia Mönchengladbach,Hoffenheim,3.0398397,2.756695,0.2831447,24,Win
3890536,Hoffenheim,Borussia Mönchengladbach,2.756695,3.0398397,0.2831447,14,Loss
3890544,Hoffenheim,Ingolstadt,1.8430488,1.8401449,0.0029039383,10,Win
3890544,Ingolstadt,Hoffenheim,1.8401449,1.8430488,0.0029039383,15,Loss
3890554,FC Köln,Werder Bremen,0.7320074,0.7169439,0.015063465,9,Draw
3890554,Werder Bremen,FC Köln,0.7169439,0.7320074,0.015063465,13,Draw
3890555,Darmstadt 98,Hertha Berlin,1.0361671,1.1099404,0.073773265,8,Win
3890555,Hertha Berlin,Darmstadt 98,1.1099404,1.0361671,0.073773265,17,Loss
3890558,FSV Mainz 05,Hertha Berlin,1.0649207,0.8475037,0.21741694,7,Draw
3890558,Hertha Berlin,FSV Mainz 05,0.8475037,1.0649207,0.21741694,11,Draw
3890562,Borussia Dortmund,FC Köln,1.2244635,1.3084682,0.08400476,13,Draw
3890562,FC Köln,Borussia Dortmund,1.3084682,1.2244635,0.08400476,6,Draw
3890563,Bayer Leverkusen,Ingolstadt,3.4965765,3.241811,0.2547655,10,Win
3890563,Ingolstadt,Bayer Leverkusen,3.241811,3.4965765,0.2547655,21,Loss
3893804,Norway Women's,Switzerland Women's,1.2123288,0.9484051,0.2639237,15,Draw
3893804,Switzerland Women's,Norway Women's,0.9484051,1.2123288,0.2639237,8,Draw
3893815,Brazil Women's,France Women's,0.95003223,0.9078841,0.042148113,11,Loss
3893815,France Women's,Brazil Women's,0.9078841,0.95003223,0.042148113,20,Win
3895052,Bayer Leverkusen,RB Leipzig,1.5233642,1.72211,0.19874585,11,Win
3895052,RB Leipzig,Bayer Leverkusen,1.72211,1.5233642,0.19874585,14,Loss
3895074,Bayer Leverkusen,Bayern Munich,2.2180567,2.2095244,0.008532286,13,Draw
3895074,Bayern Munich,Bayer Leverkusen,2.2095244,2.2180567,0.008532286,16,Draw
3895134,Bayer Leverkusen,Hoffenheim,1.2744762,1.4835105,0.20903432,10,Win
3895134,Hoffenheim,Bayer Leverkusen,1.4835105,1.2744762,0.20903432,12,Loss
3895250,Bayer Leverkusen,FSV Mainz 05,1.1127182,1.1411722,0.028453946,17,Win
3895250,FSV Mainz 05,Bayer Leverkusen,1.1411722,1.1127182,0.028453946,13,Loss
3895320,Bayer Leverkusen,VfB Stuttgart,1.6525241,1.7994423,0.14691818,14,Draw
3895320,VfB Stuttgart,Bayer Leverkusen,1.7994423,1.6525241,0.14691818,11,Draw
3900494,Bordeaux,Gazélec Ajaccio,0.21969509,0.49332297,0.27362788,7,Loss
3900494,Gazélec Ajaccio,Bordeaux,0.49332297,0.21969509,0.27362788,8,Win
3900496,Montpellier,Toulouse,0.39928982,0.69297004,0.29368022,7,Draw
3900496,Toulouse,Montpellier,0.69297004,0.39928982,0.29368022,10,Draw
3900499,Marseille,Nantes,0.9717727,0.83801746,0.1337552,12,Win
3900499,Nantes,Marseille,0.83801746,0.9717727,0.1337552,12,Loss
3900505,Caen,Guingamp,1.3202832,1.3751439,0.05486071,16,Win
3900505,Guingamp,Caen,1.3751439,1.3202832,0.05486071,12,Loss
3900508,AS Monaco,Bordeaux,1.3914628,1.2782053,0.11325753,14,Loss
3900508,Bordeaux,AS Monaco,1.2782053,1.3914628,0.11325753,10,Win
3900514,Guingamp,Toulouse,1.2665895,1.3463349,0.07974541,7,Win
3900514,Toulouse,Guingamp,1.3463349,1.2665895,0.07974541,15,Loss
3900518,Angers,Caen,0.6409556,0.41243964,0.22851598,11,Draw
3900518,Caen,Angers,0.41243964,0.6409556,0.22851598,13,Draw
3900519,Bordeaux,Rennes,2.2515848,2.122126,0.12945867,8,Draw
3900519,Rennes,Bordeaux,2.122126,2.2515848,0.12945867,8,Draw
3900523,Rennes,Stade de Reims,1.0954136,0.90424347,0.1911701,11,Draw
3900523,Stade de Reims,Rennes,0.90424347,1.0954136,0.1911701,12,Draw
3900524,Gazélec Ajaccio,Lorient,1.2203997,0.9895174,0.23088235,18,Draw
3900524,Lorient,Gazélec Ajaccio,0.9895174,1.2203997,0.23088235,5,Draw
3900535,Lille,Saint-Étienne,0.45121285,0.3721311,0.079081744,15,Win
3900535,Saint-Étienne,Lille,0.3721311,0.45121285,0.079081744,9,Loss
3900539,Marseille,Rennes,0.8232974,0.7381672,0.085130155,11,Win
3900539,Rennes,Marseille,0.7381672,0.8232974,0.085130155,10,Loss
3900545,Angers,Lyon,0.71785986,0.93311644,0.21525657,9,Win
3900545,Lyon,Angers,0.93311644,0.71785986,0.21525657,14,Loss
3900546,Gazélec Ajaccio,Nantes,1.6883218,1.3937466,0.2945752,26,Draw
3900546,Nantes,Gazélec Ajaccio,1.3937466,1.6883218,0.2945752,11,Draw
3900548,Bordeaux,Guingamp,0.79301316,0.6587573,0.13425583,14,Win
3900548,Guingamp,Bordeaux,0.6587573,0.79301316,0.13425583,9,Loss
3900559,Gazélec Ajaccio,Marseille,1.2428228,1.458719,0.21589625,10,Draw
3900559,Marseille,Gazélec Ajaccio,1.458719,1.2428228,0.21589625,11,Draw
3900560,Montpellier,OGC Nice,0.7461668,0.6415945,0.104572296,10,Loss
3900560,OGC Nice,Montpellier,0.6415945,0.7461668,0.104572296,10,Win
3900561,Lille,Toulouse,1.3832271,1.1247523,0.25847483,24,Draw
3900561,Toulouse,Lille,1.1247523,1.3832271,0.25847483,7,Draw
3900563,Guingamp,Rennes,0.84349066,0.9652523,0.12176162,13,Loss
3900563,Rennes,Guingamp,0.9652523,0.84349066,0.12176162,9,Win
3900566,Bastia,Stade de Reims,0.6878728,0.78586346,0.09799063,8,Win
3900566,Stade de Reims,Bastia,0.78586346,0.6878728,0.09799063,12,Loss
3900571,Lorient,Rennes,0.8530533,0.76345044,0.08960283,6,Draw
3900571,Rennes,Lorient,0.76345044,0.8530533,0.08960283,12,Draw
3900573,Angers,Caen,0.94610184,0.8197497,0.12635213,13,Win
3900573,Caen,Angers,0.8197497,0.94610184,0.12635213,17,Loss
3900578,Lille,OGC Nice,0.74381036,0.6220701,0.12174028,10,Draw
3900578,OGC Nice,Lille,0.6220701,0.74381036,0.12174028,9,Draw
3900585,Paris Saint-Germain,Toulouse,0.90445083,0.651764,0.25268686,12,Win
3900585,Toulouse,Paris Saint-Germain,0.651764,0.90445083,0.25268686,9,Loss
3900588,AS Monaco,Lorient,0.6789292,0.7152875,0.036358297,6,Win
3900588,Lorient,AS Monaco,0.7152875,0.6789292,0.036358297,8,Loss
3900594,Bordeaux,Nantes,0.733941,0.9925897,0.2586487,8,Draw
3900594,Nantes,Bordeaux,0.9925897,0.733941,0.2586487,9,Draw
3900602,Lorient,Stade de Reims,1.4439213,1.6055781,0.16165674,9,Win
3900602,Stade de Reims,Lorient,1.6055781,1.4439213,0.16165674,12,Loss
3900605,Bastia,Lyon,0.7113211,1.0007361,0.289415,7,Win
3900605,Lyon,Bastia,1.0007361,0.7113211,0.289415,9,Loss
3900606,Nantes,Troyes,0.76903725,0.800054,0.031016767,10,Win
3900606,Troyes,Nantes,0.800054,0.76903725,0.031016767,13,Loss
3900610,Marseille,Montpellier,0.22861096,0.4929864,0.26437545,4,Win
3900610,Montpellier,Marseille,0.4929864,0.22861096,0.26437545,12,Loss
3900614,Caen,Lille,0.4663953,0.6071615,0.14076623,10,Loss
3900614,Lille,Caen,0.6071615,0.4663953,0.14076623,12,Win
3900619,Rennes,Saint-Étienne,0.7041311,0.41625655,0.28787458,5,Loss
3900619,Saint-Étienne,Rennes,0.41625655,0.7041311,0.28787458,13,Win
3900620,Caen,Stade de Reims,1.4123652,1.515413,0.10304785,16,Loss
3900620,Stade de Reims,Caen,1.515413,1.4123652,0.10304785,12,Win
3900623,Lorient,Montpellier,0.5229609,0.707788,0.18482709,6,Draw
3900623,Montpellier,Lorient,0.707788,0.5229609,0.18482709,11,Draw
3900624,Angers,Lyon,0.60264444,0.5385622,0.064082265,6,Loss
3900624,Lyon,Angers,0.5385622,0.60264444,0.064082265,9,Win
3900628,Lille,Rennes,1.2356094,1.0866538,0.14895558,16,Draw
3900628,Rennes,Lille,1.0866538,1.2356094,0.14895558,10,Draw
3900630,Angers,Rennes,0.8292106,0.93928105,0.11007047,10,Loss
3900630,Rennes,Angers,0.93928105,0.8292106,0.11007047,10,Win
3901150,Marseille,Saint-Étienne,0.5508535,0.84939796,0.29854447,8,Draw
3901150,Saint-Étienne,Marseille,0.84939796,0.5508535,0.29854447,15,Draw
3901151,Lille,Lyon,0.7857719,1.0273457,0.24157375,11,Win
3901151,Lyon,Lille,1.0273457,0.7857719,0.24157375,12,Loss
3901161,Caen,Saint-Étienne,1.394752,1.2638824,0.13086963,16,Win
3901161,Saint-Étienne,Caen,1.2638824,1.394752,0.13086963,15,Loss
3901172,Bastia,Nantes,0.35330766,0.44382384,0.09051618,5,Draw
3901172,Nantes,Bastia,0.44382384,0.35330766,0.09051618,8,Draw
3901174,AS Monaco,Stade de Reims,1.4483849,1.3751442,0.07324064,12,Draw
3901174,Stade de Reims,AS Monaco,1.3751442,1.4483849,0.07324064,10,Draw
3901177,Bastia,Lille,0.8146224,0.96751577,0.15289336,10,Loss
3901177,Lille,Bastia,0.96751577,0.8146224,0.15289336,9,Win
3901184,Marseille,Rennes,1.4260024,1.4699804,0.043977976,14,Loss
3901184,Rennes,Marseille,1.4699804,1.4260024,0.043977976,13,Win
3901192,Bastia,Bordeaux,0.9793605,1.0566787,0.07731813,8,Draw
3901192,Bordeaux,Bastia,1.0566787,0.9793605,0.07731813,12,Draw
3901193,AS Monaco,Paris Saint-Germain,2.0699904,2.2382379,0.16824746,12,Win
3901193,Paris Saint-Germain,AS Monaco,2.2382379,2.0699904,0.16824746,23,Loss
3901197,Guingamp,Montpellier,0.76292014,0.46767792,0.29524222,10,Draw
3901197,Montpellier,Guingamp,0.46767792,0.76292014,0.29524222,12,Draw
3901198,Angers,Troyes,1.0116307,1.1604835,0.14885283,18,Win
3901198,Troyes,Angers,1.1604835,1.0116307,0.14885283,12,Loss
3901203,Lille,Nantes,0.72875124,0.44595218,0.28279907,11,Win
3901203,Nantes,Lille,0.44595218,0.72875124,0.28279907,13,Loss
3901209,Angers,Gazélec Ajaccio,0.19168991,0.15494998,0.03673993,7,Draw
3901209,Gazélec Ajaccio,Angers,0.15494998,0.19168991,0.03673993,3,Draw
3901211,Bordeaux,Marseille,0.5585171,0.44315755,0.115359545,9,Draw
3901211,Marseille,Bordeaux,0.44315755,0.5585171,0.115359545,7,Draw
3901215,Gazélec Ajaccio,Lille,1.3579011,1.6208416,0.26294053,14,Loss
3901215,Lille,Gazélec Ajaccio,1.6208416,1.3579011,0.26294053,14,Win
3901222,Montpellier,Nantes,0.54102695,0.60473573,0.06370878,11,Win
3901222,Nantes,Montpellier,0.60473573,0.54102695,0.06370878,10,Loss
3901225,Lyon,Toulouse,1.7391846,1.7846797,0.045495033,12,Win
3901225,Toulouse,Lyon,1.7846797,1.7391846,0.045495033,9,Loss
3901229,Caen,Guingamp,0.75641257,0.7515033,0.004909277,12,Draw
3901229,Guingamp,Caen,0.7515033,0.75641257,0.004909277,11,Draw
3901230,Bastia,Gazélec Ajaccio,1.2372205,1.3592185,0.12199795,17,Loss
3901230,Gazélec Ajaccio,Bastia,1.3592185,1.2372205,0.12199795,8,Win
3901235,Gazélec Ajaccio,Lyon,0.36054465,0.29130265,0.069242,6,Loss
3901235,Lyon,Gazélec Ajaccio,0.29130265,0.36054465,0.069242,6,Win
3901238,AS Monaco,Guingamp,1.0835193,0.8250171,0.25850224,16,Win
3901238,Guingamp,AS Monaco,0.8250171,1.0835193,0.25850224,9,Loss
3901240,Lille,Lorient,0.82155734,0.6156238,0.20593357,14,Win
3901240,Lorient,Lille,0.6156238,0.82155734,0.20593357,13,Loss
3901245,Bordeaux,Lorient,1.0069247,0.88819146,0.11873329,11,Win
3901245,Lorient,Bordeaux,0.88819146,1.0069247,0.11873329,10,Loss
3901262,Bordeaux,Caen,1.1483028,1.26971,0.12140715,11,Loss
3901262,Caen,Bordeaux,1.26971,1.1483028,0.12140715,10,Win
3901736,Australia Women's,Denmark Women's,0.83442414,0.6248664,0.20955771,10,Win
3901736,Denmark Women's,Australia Women's,0.6248664,0.83442414,0.20955771,13,Loss
3902968,Australia Women's,France Women's,9.782631,9.498576,0.28405476,26,Draw
3902968,France Women's,Australia Women's,9.498576,9.782631,0.28405476,32,Draw
3904629,Australia Women's,England Women's,1.1424423,1.0527788,0.089663506,12,Loss
3904629,England Women's,Australia Women's,1.0527788,1.1424423,0.089663506,15,Win
3920384,Côte d'Ivoire,Guinea-Bissau,0.7068962,0.52961475,0.17728144,10,Win
3920384,Guinea-Bissau,Côte d'Ivoire,0.52961475,0.7068962,0.17728144,10,Loss
3920389,Cameroon,Guinea,0.8791736,0.7102197,0.1689539,13,Draw
3920389,Guinea,Cameroon,0.7102197,0.8791736,0.1689539,6,Draw
3920399,Cape Verde Islands,Mozambique,0.5990379,0.3310106,0.26802728,11,Win
3920399,Mozambique,Cape Verde Islands,0.3310106,0.5990379,0.26802728,8,Loss
3920413,Cameroon,Gambia,1.3671997,1.296467,0.07073271,13,Win
3920413,Gambia,Cameroon,1.296467,1.3671997,0.07073271,15,Loss
3920414,Angola,Burkina Faso,0.8842662,0.9952472,0.11098099,6,Win
3920414,Burkina Faso,Angola,0.9952472,0.8842662,0.11098099,20,Loss
3920415,Algeria,Mauritania,1.1864072,1.328286,0.14187884,16,Loss
3920415,Mauritania,Algeria,1.328286,1.1864072,0.14187884,17,Win
3920417,Mali,Namibia,0.68121314,0.6561558,0.025057316,11,Draw
3920417,Namibia,Mali,0.6561558,0.68121314,0.025057316,5,Draw
3922240,Congo DR,Egypt,8.626787,8.424149,0.20263863,21,Draw
3922240,Egypt,Congo DR,8.424149,8.626787,0.20263863,20,Draw
3922242,Côte d'Ivoire,Senegal,5.038095,5.23541,0.19731522,13,Draw
3922242,Senegal,Côte d'Ivoire,5.23541,5.038095,0.19731522,18,Draw
3922838,Congo DR,Côte d'Ivoire,0.8260835,0.84956115,0.023477674,7,Loss
3922838,Côte d'Ivoire,Congo DR,0.84956115,0.8260835,0.023477674,14,Win
3930168,Germany,Hungary,1.4836929,1.2280333,0.25565958,19,Win
3930168,Hungary,Germany,1.2280333,1.4836929,0.25565958,11,Loss
3930169,Scotland,Switzerland,0.7718826,0.9901536,0.21827102,12,Draw
3930169,Switzerland,Scotland,0.9901536,0.7718826,0.21827102,11,Draw
3930170,Serbia,Slovenia,1.4613308,1.5521661,0.09083533,15,Draw
3930170,Slovenia,Serbia,1.5521661,1.4613308,0.09083533,12,Draw
3930182,Denmark,Serbia,0.55153245,0.32444245,0.22709,10,Draw
3930182,Serbia,Denmark,0.32444245,0.55153245,0.22709,5,Draw
3930183,Romania,Slovakia,1.1219381,0.84474283,0.27719527,9,Draw
3930183,Slovakia,Romania,0.84474283,1.1219381,0.27719527,13,Draw
3930184,Czech Republic,Turkey,1.4103225,1.2175437,0.19277883,12,Loss
3930184,Turkey,Czech Republic,1.2175437,1.4103225,0.19277883,18,Win
3938645,Belgium,Ukraine,0.63398457,0.70917,0.07518542,12,Draw
3938645,Ukraine,Belgium,0.70917,0.63398457,0.07518542,14,Draw
3939975,Colombia,Paraguay,0.6219208,0.8275966,0.20567578,11,Win
3939975,Paraguay,Colombia,0.8275966,0.6219208,0.20567578,11,Loss
3939981,Panama,United States,0.73078257,0.91427857,0.183496,13,Win
3939981,United States,Panama,0.91427857,0.73078257,0.183496,6,Loss
3939985,Canada,Chile,0.6994939,0.4540093,0.24548459,9,Draw
3939985,Chile,Canada,0.4540093,0.6994939,0.24548459,8,Draw
3940878,Italy,Switzerland,0.72565794,0.78235674,0.0566988,11,Loss
3940878,Switzerland,Italy,0.78235674,0.72565794,0.0566988,16,Win
3941017,England,Slovakia,1.5867405,1.5478472,0.038893342,16,Win
3941017,Slovakia,England,1.5478472,1.5867405,0.038893342,13,Loss
3942226,Germany,Spain,1.6290746,1.5340543,0.095020294,23,Loss
3942226,Spain,Germany,1.5340543,1.6290746,0.095020294,19,Win
3942227,England,Switzerland,4.454541,4.335407,0.119134426,18,Draw
3942227,Switzerland,England,4.335407,4.454541,0.119134426,16,Draw
3942228,Argentina,Ecuador,4.776738,4.5225277,0.25421047,13,Draw
3942228,Ecuador,Argentina,4.5225277,4.776738,0.25421047,13,Draw
3943077,Argentina,Colombia,1.0827016,0.9881783,0.09452325,11,Win
3943077,Colombia,Argentina,0.9881783,1.0827016,0.09452325,19,Loss
3998836,Iceland Women's,WNT Finland,0.99698293,0.7670288,0.22995412,13,Loss
3998836,WNT Finland,Iceland Women's,0.7670288,0.99698293,0.22995412,16,Win
3998844,Iceland Women's,Switzerland Women's,0.6016562,0.7690063,0.16735011,12,Loss
3998844,Switzerland Women's,Iceland Women's,0.7690063,0.6016562,0.16735011,15,Win
3998852,Switzerland Women's,WNT Finland,1.2001567,1.0846083,0.11554837,16,Draw
3998852,WNT Finland,Switzerland Women's,1.0846083,1.2001567,0.11554837,6,Draw
3998854,Belgium Women's,Portugal Women's,2.0625412,2.0108397,0.051701546,13,Win
3998854,Portugal Women's,Belgium Women's,2.0108397,2.0625412,0.051701546,20,Loss
4018354,Italy Women's,Norway Women's,1.5972445,1.8954176,0.29817307,14,Win
4018354,Norway Women's,Italy Women's,1.8954176,1.5972445,0.29817307,10,Loss
4018355,England Women's,Sweden Women's,7.395617,7.213724,0.18189287,25,Draw
4018355,Sweden Women's,England Women's,7.213724,7.395617,0.18189287,20,Draw
